,Rk,Player,Pos,Age,Tm,G,GS,MP,FG,FGA,FG%,3P,3PA,3P%,2P,2PA,2P%,eFG%,FT,FTA,FT%,ORB,DRB,TRB,AST,STL,BLK,TOV,PF,PTS,Year
0,1,Precious Achiuwa,C,23,TOR,19,0,18.1,2.9,7.1,.410,0.5,2.3,.209,2.4,4.8,.505,.444,1.8,2.3,.791,1.5,3.6,5.1,1.1,0.5,0.6,1.1,1.5,8.1,2023
1,2,Steven Adams,C,29,MEM,38,38,26.9,3.6,6.2,.590,0.0,0.0,.000,3.6,6.1,.592,.590,1.0,2.9,.342,4.9,6.4,11.4,2.3,0.8,1.2,1.9,2.3,8.3,2023
2,3,Bam Adebayo,C,25,MIA,39,39,35.0,8.6,16.0,.538,0.0,0.3,.100,8.6,15.7,.545,.539,4.3,5.3,.802,2.8,7.3,10.1,3.1,1.1,0.8,2.7,3.0,21.5,2023
3,4,Ochai Agbaji,SG,22,UTA,23,0,11.3,1.3,3.0,.449,0.6,1.7,.342,0.8,1.3,.581,.543,0.3,0.5,.500,0.5,0.9,1.4,0.4,0.1,0.1,0.1,1.1,3.5,2023
4,5,Santi Aldama,PF,22,MEM,39,16,22.7,3.4,7.0,.485,1.3,3.4,.373,2.1,3.6,.593,.577,1.5,2.0,.722,1.2,3.8,5.0,1.3,0.7,0.8,0.6,2.2,9.6,2023
5,6,Nickeil Alexander-Walker,SG,24,UTA,31,3,16.1,2.5,5.3,.485,1.1,2.7,.393,1.5,2.5,.582,.586,0.8,1.1,.686,0.3,1.6,1.8,2.2,0.7,0.4,1.3,1.8,6.9,2023
6,7,Grayson Allen,SG,27,MIL,39,37,27.1,3.3,7.6,.436,1.8,4.6,.391,1.5,3.0,.504,.554,1.8,2.0,.899,0.9,2.6,3.5,2.6,0.7,0.2,1.1,1.5,10.2,2023
7,8,Jarrett Allen,C,24,CLE,37,37,33.0,5.5,8.8,.626,0.0,0.2,.000,5.5,8.6,.639,.626,2.6,3.7,.713,3.0,6.8,9.8,1.6,0.8,1.2,1.4,2.2,13.6,2023
8,9,Jose Alvarado,PG,24,NOP,42,8,21.2,3.3,8.1,.408,1.4,4.1,.333,1.9,4.0,.485,.493,1.1,1.5,.787,0.5,2.0,2.5,3.1,1.2,0.1,1.4,2.0,9.1,2023
9,10,Kyle Anderson,PF,29,MIN,33,18,25.8,2.8,5.8,.489,0.5,1.3,.395,2.3,4.5,.517,.534,1.7,2.1,.786,0.6,3.6,4.2,3.8,1.2,0.8,1.5,2.1,7.8,2023
10,11,Giannis Antetokounmpo,PF,28,MIL,35,35,33.7,10.9,20.8,.524,0.7,2.9,.245,10.2,17.9,.569,.541,8.5,12.9,.653,2.3,9.7,11.9,5.3,0.8,0.9,4.0,3.5,31.0,2023
11,12,Thanasis Antetokounmpo,SF,30,MIL,20,0,4.3,0.2,0.7,.214,0.0,0.2,.000,0.2,0.5,.300,.214,0.2,0.3,.500,0.3,0.7,1.0,0.2,0.1,0.2,0.4,0.4,0.5,2023
12,13,Cole Anthony,PG,22,ORL,25,3,26.1,4.0,9.7,.413,1.1,3.6,.311,2.9,6.1,.474,.471,2.5,2.8,.899,0.6,3.9,4.5,4.2,0.7,0.4,1.6,2.9,11.6,2023
13,14,OG Anunoby,SF,25,TOR,39,39,36.9,6.7,14.5,.465,1.9,5.3,.365,4.8,9.2,.524,.533,2.7,3.2,.825,1.6,4.2,5.8,2.1,2.2,0.8,2.3,3.2,18.1,2023
14,15,Ryan Arcidiacono,PG,28,NYK,10,0,2.5,0.1,0.5,.200,0.1,0.3,.333,0.0,0.2,.000,.300,0.0,0.0,,0.0,0.4,0.4,0.2,0.2,0.0,0.1,0.3,0.3,2023
15,16,Deni Avdija,SF,22,WAS,41,30,26.0,2.9,6.9,.427,0.8,3.0,.279,2.1,3.9,.541,.488,1.4,1.8,.792,1.0,5.0,6.0,2.7,0.8,0.6,1.5,3.0,8.1,2023
16,17,Deandre Ayton,C,24,PHO,38,38,29.6,7.6,13.1,.581,0.2,0.6,.318,7.4,12.5,.593,.588,2.0,2.7,.728,2.8,7.0,9.9,2.1,0.5,0.7,2.1,2.8,17.3,2023
17,18,Udoka Azubuike,C,23,UTA,15,0,4.2,0.8,0.9,.857,0.0,0.0,,0.8,0.9,.857,.857,0.1,0.4,.333,0.7,1.1,1.8,0.3,0.1,0.2,0.2,0.3,1.7,2023
18,19,Marvin Bagley III,C,23,DET,25,13,21.3,4.3,8.0,.537,0.4,1.3,.273,4.0,6.7,.589,.560,1.6,2.1,.769,2.1,3.8,5.9,0.6,0.5,0.7,0.9,2.0,10.6,2023
19,20,Patrick Baldwin Jr.,SF,20,GSW,13,0,8.8,1.8,4.3,.429,1.5,3.4,.432,0.4,0.9,.417,.598,0.2,0.3,.750,0.0,1.6,1.6,0.2,0.5,0.1,0.5,0.5,5.4,2023
20,21,LaMelo Ball,PG,21,CHO,20,20,34.9,8.6,20.4,.419,4.1,10.9,.372,4.5,9.5,.474,.518,2.8,3.3,.862,1.0,4.4,5.4,8.6,1.2,0.4,3.1,3.6,24.0,2023
21,22,Mo Bamba,C,24,ORL,34,5,18.1,2.8,5.6,.495,1.0,2.7,.376,1.8,2.9,.606,.586,1.0,1.4,.694,1.2,3.7,4.9,1.0,0.3,1.0,0.6,2.2,7.6,2023
22,23,Paolo Banchero,PF,20,ORL,36,36,34.1,7.0,15.9,.437,1.3,4.3,.310,5.6,11.6,.484,.479,5.9,7.8,.754,1.1,5.7,6.8,3.8,1.1,0.5,2.9,2.4,21.2,2023
23,24,Desmond Bane,SG,24,MEM,22,22,30.9,7.3,16.6,.440,3.2,7.6,.417,4.1,9.0,.460,.536,3.6,4.0,.888,0.6,4.5,5.1,3.9,0.7,0.3,2.1,2.5,21.4,2023
24,25,Dalano Banton,PG,23,TOR,22,2,10.1,2.0,4.7,.423,0.6,2.0,.302,1.4,2.8,.508,.486,0.6,0.8,.824,0.4,1.0,1.5,1.2,0.5,0.5,0.6,1.1,5.2,2023
25,26,Dominick Barlow,SF,19,SAS,4,0,6.5,0.8,1.8,.429,0.0,0.8,.000,0.8,1.0,.750,.429,1.0,1.0,1.000,0.5,0.3,0.8,0.8,0.3,0.0,0.0,0.8,2.5,2023
26,27,Harrison Barnes,PF,30,SAC,41,41,31.9,4.6,9.6,.481,1.6,4.4,.356,3.0,5.2,.587,.562,4.1,5.0,.823,1.0,4.1,5.1,1.7,0.9,0.1,1.2,1.3,14.9,2023
27,28,Scottie Barnes,PF,21,TOR,40,39,34.0,6.0,13.2,.454,0.9,3.0,.286,5.1,10.2,.504,.487,2.3,3.0,.775,2.1,4.9,7.0,4.8,1.0,0.8,2.1,2.0,15.1,2023
28,29,RJ Barrett,SG,22,NYK,37,37,34.2,6.9,16.2,.428,1.8,5.5,.332,5.1,10.8,.476,.483,4.2,5.5,.759,0.9,4.6,5.5,2.9,0.5,0.2,2.4,2.4,19.9,2023
29,30,Will Barton,SG,32,WAS,36,0,20.2,2.7,7.2,.375,1.3,3.5,.365,1.4,3.7,.383,.463,0.8,1.1,.789,0.2,2.6,2.8,2.5,0.4,0.3,1.1,1.1,7.5,2023
30,31,Charles Bassey,C,22,SAS,24,1,13.6,2.0,2.9,.671,0.1,0.3,.333,1.9,2.7,.703,.686,0.7,1.0,.667,1.8,3.4,5.2,1.2,0.3,0.9,1.2,2.1,4.7,2023
31,32,Keita Bates-Diop,SF,27,SAS,31,12,17.5,2.9,5.6,.520,0.5,1.4,.372,2.4,4.2,.569,.566,1.1,1.4,.814,1.1,1.6,2.7,0.7,0.6,0.2,0.8,0.8,7.5,2023
32,33,Nicolas Batum,PF,34,LAC,41,8,21.8,2.1,5.0,.422,1.5,3.9,.391,0.6,1.0,.535,.576,0.5,0.7,.633,0.9,3.4,4.4,1.4,0.7,0.7,0.8,2.1,6.2,2023
33,34,Darius Bazley,PF,22,OKC,27,1,16.3,2.1,4.9,.435,0.5,1.4,.368,1.6,3.4,.462,.489,1.2,2.1,.552,0.8,2.7,3.6,0.9,0.6,1.0,0.7,1.1,5.9,2023
34,35,Bradley Beal,SG,29,WAS,24,24,33.6,8.6,16.4,.525,1.5,4.4,.340,7.1,12.0,.594,.571,4.1,4.8,.861,0.9,2.6,3.5,5.2,1.0,0.6,2.8,1.8,22.9,2023
35,36,Malik Beasley,SG,26,UTA,46,8,26.8,5.0,12.5,.399,3.1,8.6,.358,1.9,3.8,.492,.523,0.8,0.9,.854,0.5,3.0,3.5,1.7,0.9,0.2,1.0,1.3,13.8,2023
36,37,MarJon Beauchamp,SF,22,MIL,32,9,15.5,2.2,5.5,.395,1.1,3.3,.324,1.1,2.3,.500,.492,0.6,0.8,.720,1.0,1.5,2.5,0.7,0.5,0.1,1.0,1.6,6.0,2023
37,38,Dāvis Bertāns,PF,30,DAL,25,0,10.4,1.3,3.4,.388,1.1,3.0,.360,0.2,0.4,.600,.547,0.4,0.5,.833,0.2,0.6,0.8,0.4,0.2,0.1,0.3,1.1,4.1,2023
38,39,Patrick Beverley,PG,34,LAL,34,34,26.5,2.0,5.1,.391,1.1,3.3,.333,0.9,1.9,.492,.497,0.7,0.9,.806,0.6,2.9,3.5,2.6,0.8,0.6,1.0,2.8,5.8,2023
39,40,Saddiq Bey,SF,23,DET,42,24,28.5,4.5,11.1,.400,1.7,5.3,.326,2.7,5.9,.466,.476,3.5,4.1,.854,1.0,3.3,4.3,1.5,0.9,0.2,1.1,1.6,14.1,2023
40,Rk,Player,Pos,Age,Tm,G,GS,MP,FG,FGA,FG%,3P,3PA,3P%,2P,2PA,2P%,eFG%,FT,FTA,FT%,ORB,DRB,TRB,AST,STL,BLK,TOV,PF,PTS,2023
41,41,Khem Birch,C,30,TOR,20,0,8.1,1.0,1.6,.594,0.1,0.1,.500,0.9,1.5,.600,.609,0.2,0.3,.800,0.4,0.9,1.3,0.4,0.3,0.3,0.4,1.2,2.2,2023
42,42,Goga Bitadze,C,23,IND,19,0,9.9,1.4,2.6,.551,0.2,0.7,.286,1.2,1.8,.657,.592,0.5,0.9,.500,1.1,1.2,2.3,0.9,0.4,0.5,0.5,1.8,3.5,2023
43,43,Bismack Biyombo,C,30,PHO,34,6,13.6,1.6,2.9,.557,0.0,0.0,,1.6,2.9,.557,.557,0.4,1.2,.325,1.1,2.6,3.7,0.8,0.3,1.3,0.9,1.9,3.6,2023
44,44,Buddy Boeheim,PG,23,DET,1,0,1.0,0.0,0.0,,0.0,0.0,,0.0,0.0,,,0.0,0.0,,0.0,0.0,0.0,0.0,0.0,0.0,0.0,0.0,0.0,2023
45,45,Bogdan Bogdanović,SG,30,ATL,19,3,31.0,6.0,14.0,.429,2.9,7.8,.369,3.1,6.2,.504,.532,1.1,1.4,.808,0.3,3.6,3.8,2.6,0.8,0.3,1.4,1.4,16.0,2023
46,46,Bojan Bogdanović,PF,33,DET,44,44,31.4,7.1,14.6,.487,2.4,5.9,.415,4.7,8.7,.535,.570,4.6,5.2,.885,0.5,3.1,3.6,2.8,0.6,0.1,2.3,1.8,21.2,2023
47,47,Bol Bol,PF,23,ORL,38,32,25.9,4.9,8.4,.582,0.7,1.8,.382,4.2,6.6,.636,.623,1.3,1.8,.739,1.3,5.7,7.0,0.9,0.5,1.5,1.9,1.4,11.8,2023
48,48,Leandro Bolmaro,SG,22,UTA,10,0,5.8,0.3,1.6,.188,0.0,0.3,.000,0.3,1.3,.231,.188,0.0,0.0,,0.3,0.1,0.4,0.6,0.3,0.1,0.7,0.7,0.6,2023
49,49,Devin Booker,SG,26,PHO,29,29,34.6,9.8,20.4,.477,2.3,6.2,.370,7.4,14.2,.524,.534,5.3,6.2,.850,0.8,3.8,4.6,5.6,0.9,0.4,2.4,2.7,27.1,2023
50,50,Brandon Boston Jr.,SG,21,LAC,15,0,9.7,1.7,4.7,.366,0.6,1.4,.429,1.1,3.3,.340,.430,1.3,1.7,.769,0.3,0.9,1.2,0.9,0.3,0.0,0.3,0.6,5.4,2023
51,51,Chris Boucher,PF,30,TOR,38,0,20.6,3.4,7.2,.473,0.8,2.6,.293,2.6,4.6,.575,.526,2.1,2.8,.752,2.0,3.5,5.5,0.4,0.7,0.7,0.5,2.1,9.6,2023
52,52,James Bouknight,SG,22,CHO,25,0,13.9,1.6,4.8,.333,0.6,2.5,.254,1.0,2.3,.421,.400,0.6,0.9,.682,0.2,1.8,2.0,1.1,0.5,0.2,0.7,1.2,4.4,2023
53,53,Tony Bradley,C,25,CHI,9,0,2.8,0.4,0.8,.571,0.2,0.4,.500,0.2,0.3,.667,.714,0.2,0.2,1.000,0.1,1.0,1.1,0.1,0.1,0.0,0.1,0.1,1.3,2023
54,54,Malaki Branham,SF,19,SAS,29,4,19.4,2.8,6.6,.426,1.0,3.2,.304,1.8,3.4,.541,.500,0.7,0.9,.800,0.2,1.5,1.7,1.7,0.4,0.1,1.1,1.2,7.2,2023
55,55,Christian Braun,SG,21,DEN,38,1,13.6,1.3,2.9,.446,0.3,1.0,.316,1.0,1.9,.514,.500,0.3,0.6,.565,0.5,1.3,1.8,0.5,0.3,0.2,0.4,1.1,3.3,2023
56,56,Mikal Bridges,SF,26,PHO,44,44,36.3,5.8,12.6,.459,1.8,4.5,.396,4.0,8.1,.494,.530,2.3,2.6,.888,1.1,3.5,4.6,3.3,1.1,0.9,1.3,2.2,15.7,2023
57,57,Oshae Brissett,SF,24,IND,38,0,16.4,1.9,4.6,.416,0.8,2.4,.333,1.1,2.1,.513,.506,1.5,2.2,.683,0.9,2.5,3.4,0.4,0.6,0.2,0.5,1.3,6.1,2023
58,58,Malcolm Brogdon,PG,30,BOS,38,0,23.7,4.8,10.0,.485,1.8,4.1,.452,3.0,5.9,.509,.578,2.6,2.9,.890,0.7,3.4,4.1,3.8,0.6,0.2,1.6,1.4,14.1,2023
59,59,Dillon Brooks,SF,27,MEM,38,38,30.6,6.2,15.5,.403,2.1,6.2,.335,4.2,9.3,.449,.470,2.2,2.7,.788,0.6,2.9,3.5,2.7,0.8,0.2,1.7,3.4,16.7,2023
60,60,Bruce Brown,SG,26,DEN,41,19,28.7,4.3,8.7,.492,1.3,3.4,.399,3.0,5.4,.550,.568,1.0,1.2,.804,0.8,3.4,4.1,3.8,1.0,0.7,1.6,2.4,10.9,2023
61,Rk,Player,Pos,Age,Tm,G,GS,MP,FG,FGA,FG%,3P,3PA,3P%,2P,2PA,2P%,eFG%,FT,FTA,FT%,ORB,DRB,TRB,AST,STL,BLK,TOV,PF,PTS,2023
62,61,Greg Brown III,PF,21,POR,12,0,6.5,0.8,1.9,.435,0.1,0.5,.167,0.8,1.4,.529,.457,0.4,1.0,.417,0.2,1.2,1.3,0.0,0.3,0.4,0.5,0.8,2.2,2023
63,62,Jaylen Brown,SF,26,BOS,40,40,35.5,10.2,20.4,.498,2.5,7.5,.329,7.7,13.0,.595,.558,4.4,5.5,.795,1.2,5.9,7.1,3.2,1.1,0.5,3.1,2.8,27.2,2023
64,63,Kendall Brown,SG,19,IND,6,0,6.7,0.7,1.2,.571,0.0,0.2,.000,0.7,1.0,.667,.571,0.2,0.3,.500,0.3,0.7,1.0,0.5,0.7,0.0,0.3,1.5,1.5,2023
65,64,Moses Brown,C,23,LAC,31,1,7.7,1.7,2.7,.619,0.0,0.0,,1.7,2.7,.619,.619,0.9,2.1,.446,1.6,2.1,3.7,0.1,0.1,0.4,0.3,1.1,4.3,2023
66,65,Sterling Brown,SG,27,LAL,4,0,6.0,0.0,1.0,.000,0.0,0.5,.000,0.0,0.5,.000,.000,0.0,0.0,,0.8,1.3,2.0,0.5,0.8,0.0,0.0,1.0,0.0,2023
67,66,Troy Brown Jr.,SF,23,LAL,36,18,22.8,2.5,5.7,.436,1.1,3.1,.357,1.4,2.6,.533,.534,0.5,0.5,1.000,0.8,3.1,3.9,0.8,0.8,0.1,0.8,1.4,6.6,2023
68,67,Jalen Brunson,PG,26,NYK,40,40,33.6,8.0,16.9,.473,1.8,4.5,.393,6.2,12.4,.501,.524,4.5,5.2,.856,0.5,3.1,3.6,6.5,1.0,0.2,2.1,2.3,22.2,2023
69,68,Thomas Bryant,C,25,LAL,28,16,22.2,5.2,7.9,.661,0.5,1.2,.424,4.7,6.7,.702,.692,2.0,2.8,.731,1.9,5.5,7.3,0.9,0.4,0.5,0.9,2.0,13.0,2023
70,69,Reggie Bullock,SF,31,DAL,42,29,29.2,1.9,5.3,.360,1.5,4.5,.339,0.4,0.8,.485,.505,0.4,0.6,.654,0.4,3.0,3.4,1.1,0.7,0.2,0.5,2.2,5.7,2023
71,70,Alec Burks,SG,31,DET,33,0,21.8,4.2,9.2,.461,1.9,4.4,.444,2.3,4.8,.475,.566,3.4,4.2,.810,0.3,2.7,3.0,2.2,0.8,0.2,1.2,2.1,13.8,2023
72,71,Jimmy Butler,SF,33,MIA,30,30,34.4,7.2,14.2,.505,0.6,2.0,.311,6.5,12.2,.537,.527,6.7,8.0,.845,2.2,4.3,6.5,5.2,2.1,0.4,1.8,1.3,21.7,2023
73,72,John Butler,C,20,POR,4,0,3.8,0.3,0.8,.333,0.0,0.5,.000,0.3,0.3,1.000,.333,0.0,0.0,,0.3,0.3,0.5,0.3,0.0,0.3,0.0,0.0,0.5,2023
74,73,Jamal Cain,SF,23,MIA,13,0,13.9,1.9,3.7,.521,0.2,0.8,.182,1.8,2.8,.622,.542,0.9,1.2,.750,0.9,2.0,2.9,0.6,0.6,0.0,0.3,1.2,4.9,2023
75,74,Kentavious Caldwell-Pope,SG,29,DEN,41,41,31.3,4.1,8.6,.477,2.1,4.4,.484,2.0,4.2,.471,.602,1.3,1.5,.839,0.4,2.6,3.0,2.3,1.1,0.3,1.1,2.1,11.7,2023
76,75,Facundo Campazzo,PG,31,DAL,8,0,6.5,0.4,1.6,.231,0.4,1.4,.273,0.0,0.3,.000,.346,0.1,0.3,.500,0.0,0.3,0.3,1.1,0.8,0.0,0.4,0.4,1.3,2023
77,76,Vlatko Čančar,PF,25,DEN,31,0,14.0,1.9,3.6,.513,0.9,1.9,.483,0.9,1.7,.547,.642,0.4,0.4,.923,0.5,1.6,2.1,1.2,0.4,0.2,0.6,1.7,5.1,2023
78,77,Clint Capela,C,28,ATL,27,27,27.5,5.4,8.6,.636,0.0,0.0,,5.4,8.6,.636,.636,1.1,1.9,.600,4.3,7.6,11.9,0.7,0.6,1.3,1.0,2.4,12.0,2023
79,78,Vernon Carey Jr.,C,21,WAS,7,0,2.1,0.1,0.4,.333,0.0,0.0,,0.1,0.4,.333,.333,0.0,0.0,,0.1,0.6,0.7,0.1,0.1,0.3,0.3,0.3,0.3,2023
80,79,Jevon Carter,PG,27,MIL,43,30,25.0,2.8,7.1,.401,1.5,3.9,.386,1.3,3.2,.420,.507,0.5,0.6,.840,0.5,2.3,2.8,2.9,1.2,0.5,1.2,2.0,7.7,2023
81,80,Wendell Carter Jr.,C,23,ORL,24,21,30.5,5.8,10.9,.531,1.3,3.5,.369,4.5,7.4,.607,.590,3.2,4.2,.770,2.1,6.5,8.7,2.9,0.5,0.7,2.3,3.0,16.1,2023
82,Rk,Player,Pos,Age,Tm,G,GS,MP,FG,FGA,FG%,3P,3PA,3P%,2P,2PA,2P%,eFG%,FT,FTA,FT%,ORB,DRB,TRB,AST,STL,BLK,TOV,PF,PTS,2023
83,81,Alex Caruso,PG,28,CHI,37,16,24.3,1.9,4.3,.437,0.9,2.2,.400,1.0,2.1,.474,.538,0.8,1.1,.738,0.5,2.2,2.8,3.4,1.6,0.7,1.4,2.4,5.4,2023
84,82,Julian Champagnie,SF,21,PHI,2,0,3.5,0.0,1.0,.000,0.0,0.5,.000,0.0,0.5,.000,.000,0.0,0.0,,0.0,0.0,0.0,0.0,0.5,0.0,0.0,0.0,0.0,2023
85,83,Justin Champagnie,SF,21,TOR,3,0,3.7,1.0,1.0,1.000,0.0,0.0,,1.0,1.0,1.000,1.000,0.0,0.0,,0.3,1.0,1.3,0.3,0.0,0.0,0.0,0.3,2.0,2023
86,84,Kennedy Chandler,PG,20,MEM,21,0,10.0,1.2,3.0,.397,0.1,0.6,.154,1.1,2.4,.460,.413,0.2,0.5,.455,0.2,1.1,1.4,2.1,0.5,0.2,0.7,0.6,2.7,2023
87,85,Max Christie,SG,19,LAL,24,2,14.2,1.3,3.2,.421,0.8,1.8,.432,0.5,1.3,.406,.546,0.2,0.3,.833,0.3,2.0,2.3,0.6,0.1,0.2,0.4,0.8,3.7,2023
88,86,Josh Christopher,SG,21,HOU,24,0,6.9,1.1,2.7,.400,0.2,0.8,.200,0.9,1.9,.489,.431,0.3,0.3,.750,0.2,0.8,1.0,0.6,0.2,0.0,0.6,0.7,2.6,2023
89,87,Brandon Clarke,PF,26,MEM,36,3,19.5,4.1,6.3,.658,0.0,0.2,.167,4.1,6.1,.671,.660,1.9,2.5,.756,1.4,4.0,5.4,1.1,0.5,0.7,1.1,2.4,10.1,2023
90,88,Jordan Clarkson,SG,30,UTA,45,45,32.6,7.6,16.8,.453,2.7,7.7,.350,4.9,9.1,.540,.533,3.2,3.9,.817,1.2,3.0,4.2,4.4,0.5,0.2,2.9,2.0,21.1,2023
91,89,Nic Claxton,C,23,BRK,38,38,28.4,5.3,7.2,.734,0.0,0.0,.000,5.3,7.2,.736,.734,1.2,2.6,.469,2.4,5.9,8.3,1.4,0.8,2.6,1.2,2.7,11.8,2023
92,90,Amir Coffey,SG,25,LAC,32,7,13.9,1.2,3.1,.374,0.3,0.9,.321,0.9,2.2,.394,.419,1.1,1.3,.814,0.4,0.8,1.2,1.3,0.2,0.1,0.4,1.1,3.7,2023
93,91,John Collins,PF,25,ATL,35,35,31.0,5.1,10.3,.497,0.7,3.2,.230,4.4,7.1,.619,.533,2.1,2.7,.796,1.2,6.8,7.9,1.2,0.7,1.4,1.3,3.3,13.1,2023
94,92,Zach Collins,C,25,SAS,32,7,20.5,3.7,6.8,.539,0.6,1.6,.365,3.1,5.2,.594,.583,1.5,2.1,.716,2.0,3.8,5.8,2.5,0.4,0.8,2.0,3.4,9.4,2023
95,93,Mike Conley,PG,35,UTA,34,33,29.4,3.4,8.8,.380,1.7,5.0,.349,1.6,3.9,.420,.478,1.7,2.2,.787,0.4,1.7,2.1,7.5,1.0,0.2,1.7,2.2,10.2,2023
96,94,Pat Connaughton,SG,30,MIL,27,11,23.2,2.8,7.7,.359,1.9,6.0,.315,0.9,1.7,.511,.481,0.4,0.7,.600,0.6,3.4,4.1,1.0,0.6,0.1,0.6,1.1,7.9,2023
97,95,Robert Covington,PF,32,LAC,25,0,16.6,2.0,5.1,.394,0.9,3.0,.307,1.1,2.1,.519,.484,0.9,1.3,.719,0.7,3.2,3.9,1.2,0.6,0.6,0.7,1.9,5.8,2023
98,96,Torrey Craig,SF,32,PHO,41,32,25.4,3.3,7.0,.477,1.4,3.5,.408,1.9,3.5,.545,.579,0.6,0.8,.774,2.1,3.7,5.8,1.5,0.7,0.6,0.8,2.4,8.6,2023
99,97,Jarrett Culver,SG,23,ATL,10,1,13.7,1.7,4.3,.395,0.1,1.2,.083,1.6,3.1,.516,.407,0.9,1.3,.692,1.0,2.8,3.8,0.6,0.6,0.2,0.7,1.4,4.4,2023
100,98,Cade Cunningham,PG,21,DET,12,12,33.3,7.8,18.7,.415,1.4,5.1,.279,6.3,13.6,.466,.453,3.0,3.6,.837,1.0,5.2,6.2,6.0,0.8,0.6,3.3,2.8,19.9,2023
101,99,Seth Curry,SG,32,BRK,29,1,21.3,3.4,7.6,.452,1.7,4.1,.424,1.7,3.5,.485,.566,0.7,0.8,.955,0.2,1.8,2.0,2.1,0.6,0.2,1.0,1.8,9.3,2023
102,100,Stephen Curry,PG,34,GSW,28,28,33.9,9.9,19.9,.495,4.9,11.6,.426,4.9,8.4,.590,.618,4.6,5.0,.914,0.6,5.7,6.3,6.5,1.0,0.4,2.9,2.2,29.2,2023
103,Rk,Player,Pos,Age,Tm,G,GS,MP,FG,FGA,FG%,3P,3PA,3P%,2P,2PA,2P%,eFG%,FT,FTA,FT%,ORB,DRB,TRB,AST,STL,BLK,TOV,PF,PTS,2023
104,101,Dyson Daniels,PG,19,NOP,34,7,19.0,1.7,3.8,.453,0.6,1.5,.373,1.1,2.3,.506,.527,0.4,0.8,.577,0.7,2.7,3.4,2.2,0.8,0.2,0.8,2.0,4.4,2023
105,102,Anthony Davis,C,29,LAL,25,25,33.4,10.2,17.2,.594,0.4,1.2,.290,9.8,15.9,.618,.605,6.6,8.0,.826,3.1,9.0,12.1,2.6,1.3,2.1,1.9,2.7,27.4,2023
106,103,Johnny Davis,SG,20,WAS,10,0,5.0,0.4,1.3,.308,0.0,0.3,.000,0.4,1.0,.400,.308,0.3,0.3,1.000,0.1,0.6,0.7,0.2,0.0,0.1,0.1,1.2,1.1,2023
107,104,Terence Davis,SG,25,SAC,33,4,13.3,2.4,5.7,.422,1.3,3.7,.350,1.1,1.9,.563,.537,0.6,0.7,.864,0.5,2.1,2.5,1.3,0.8,0.3,0.9,1.8,6.7,2023
108,105,JD Davison,PG,20,BOS,4,0,2.5,0.3,1.3,.200,0.0,0.5,.000,0.3,0.8,.333,.200,0.0,0.0,,0.0,0.5,0.5,0.3,0.3,0.0,0.3,0.0,0.5,2023
109,106,Dewayne Dedmon,C,33,MIA,29,0,11.7,2.2,4.3,.512,0.4,1.2,.306,1.8,3.1,.596,.556,1.1,1.5,.727,1.0,2.7,3.7,0.5,0.2,0.4,0.7,2.0,5.9,2023
110,107,Matthew Dellavedova,PG,32,SAC,19,0,5.9,0.5,1.4,.385,0.3,0.6,.417,0.3,0.7,.357,.481,0.1,0.2,.333,0.1,0.3,0.3,1.2,0.3,0.0,0.3,0.6,1.4,2023
111,108,DeMar DeRozan,SF,33,CHI,41,41,36.0,9.3,18.4,.506,0.4,1.4,.271,8.9,16.9,.526,.517,7.1,8.0,.887,0.5,4.5,5.0,4.9,1.0,0.5,2.0,2.7,26.1,2023
112,109,Moussa Diabaté,PF,21,LAC,8,1,11.3,1.6,3.0,.542,0.0,0.0,,1.6,3.0,.542,.542,0.9,1.1,.778,2.5,1.5,4.0,0.3,0.4,0.1,0.6,1.3,4.1,2023
113,110,Mamadi Diakite,PF,26,CLE,13,2,6.8,0.8,1.8,.478,0.3,1.0,.308,0.5,0.8,.700,.565,0.0,0.0,,0.2,0.6,0.8,0.2,0.2,0.4,0.5,0.8,2.0,2023
114,111,Hamidou Diallo,SG,24,DET,38,0,16.3,3.2,5.6,.566,0.1,0.5,.278,3.0,5.1,.593,.578,1.5,2.6,.560,1.1,2.4,3.5,0.9,0.8,0.2,1.0,2.1,7.9,2023
115,112,Gorgui Dieng,C,33,SAS,13,1,11.6,1.5,3.7,.417,0.8,2.5,.303,0.8,1.2,.667,.521,0.2,0.3,.750,1.1,2.2,3.2,2.0,0.1,0.5,0.9,1.8,4.1,2023
116,113,Ousmane Dieng,SF,19,OKC,14,0,15.7,1.8,4.2,.424,0.7,2.4,.294,1.1,1.8,.600,.508,0.1,0.3,.250,0.4,2.4,2.9,1.4,0.4,0.3,0.5,0.9,4.4,2023
117,114,Spencer Dinwiddie,PG,29,DAL,43,43,33.7,5.7,12.2,.465,2.5,6.2,.407,3.1,5.9,.525,.569,2.5,3.0,.831,0.4,2.7,3.0,5.1,0.8,0.3,1.7,2.3,16.3,2023
118,115,Donte DiVincenzo,SG,26,GSW,32,11,23.8,2.6,6.7,.394,1.8,4.7,.373,0.9,2.0,.444,.526,0.8,0.9,.857,1.0,3.7,4.8,3.0,1.3,0.1,1.4,1.9,7.8,2023
119,116,Luka Dončić,PG,23,DAL,40,40,37.4,11.4,22.8,.498,2.8,8.1,.351,8.5,14.8,.578,.560,8.3,11.3,.730,1.0,8.0,9.0,8.8,1.6,0.6,3.7,2.9,33.8,2023
120,117,Tyler Dorsey,SG,26,DAL,3,0,2.7,1.3,1.7,.800,0.3,0.7,.500,1.0,1.0,1.000,.900,0.0,0.0,,0.3,0.3,0.7,0.0,0.0,0.0,0.0,0.0,3.0,2023
121,118,Luguentz Dort,SG,23,OKC,42,42,30.2,4.8,11.8,.403,1.8,5.3,.336,3.0,6.5,.458,.479,2.6,3.4,.755,1.4,2.7,4.1,2.3,1.1,0.3,1.5,3.2,13.9,2023
122,119,Ayo Dosunmu,SG,23,CHI,41,33,27.4,3.8,7.7,.498,0.9,2.6,.324,3.0,5.0,.589,.554,1.0,1.2,.796,0.7,2.5,3.1,2.6,0.7,0.3,1.4,2.5,9.5,2023
123,120,Devon Dotson,PG,23,WAS,6,0,8.8,0.2,1.7,.100,0.2,0.7,.250,0.0,1.0,.000,.150,0.0,0.0,,1.0,0.7,1.7,1.3,0.8,0.0,0.5,1.5,0.5,2023
124,Rk,Player,Pos,Age,Tm,G,GS,MP,FG,FGA,FG%,3P,3PA,3P%,2P,2PA,2P%,eFG%,FT,FTA,FT%,ORB,DRB,TRB,AST,STL,BLK,TOV,PF,PTS,2023
125,121,Jeff Dowtin,PG,25,TOR,12,0,7.2,1.0,1.9,.522,0.1,0.3,.250,0.9,1.6,.579,.543,0.3,0.3,1.000,0.4,0.7,1.1,0.9,0.2,0.1,0.2,0.4,2.3,2023
126,122,PJ Dozier,SG,26,SAC,3,0,2.3,0.3,0.7,.500,0.3,0.7,.500,0.0,0.0,,.750,0.0,0.0,,0.0,0.3,0.3,0.0,0.3,0.0,0.0,0.0,1.0,2023
127,123,Goran Dragić,PG,36,CHI,40,0,16.6,2.9,6.7,.434,1.0,2.8,.373,1.9,3.9,.478,.511,0.6,0.9,.639,0.3,1.2,1.5,2.9,0.2,0.1,1.2,1.4,7.4,2023
128,124,Andre Drummond,C,29,CHI,34,0,13.5,2.6,4.4,.601,0.0,0.1,.000,2.6,4.3,.610,.601,0.9,1.7,.561,2.2,4.6,6.8,0.7,0.6,0.3,1.1,2.0,6.2,2023
129,125,Chris Duarte,SF,25,IND,23,6,17.3,2.3,7.0,.329,1.0,3.7,.279,1.3,3.3,.387,.404,1.3,1.5,.857,0.2,1.9,2.1,1.2,0.1,0.3,0.8,1.3,7.0,2023
130,126,David Duke Jr.,SG,23,BRK,14,0,9.0,1.4,3.1,.442,0.0,0.4,.000,1.4,2.6,.514,.442,0.3,0.6,.500,0.4,0.6,1.1,0.9,0.4,0.1,0.9,1.6,3.0,2023
131,127,Kevin Durant,PF,34,BRK,39,39,36.0,10.5,18.8,.559,1.8,4.8,.376,8.7,14.0,.622,.607,6.8,7.3,.934,0.4,6.4,6.7,5.3,0.8,1.5,3.5,2.4,29.7,2023
132,128,Jalen Duren,C,19,DET,39,15,24.4,3.3,5.2,.634,0.0,0.0,.000,3.3,5.2,.637,.634,1.1,1.9,.573,3.4,5.1,8.5,1.0,0.6,0.7,1.2,2.6,7.7,2023
133,129,Tari Eason,PF,21,HOU,42,0,18.6,3.0,7.0,.426,0.7,2.0,.360,2.3,5.0,.452,.478,1.1,1.4,.800,1.9,3.3,5.2,0.9,1.1,0.5,1.0,2.2,7.9,2023
134,130,Anthony Edwards,SG,21,MIN,44,44,36.2,8.6,18.7,.459,2.5,7.1,.359,6.0,11.6,.521,.527,4.1,5.4,.761,0.6,5.4,6.0,4.4,1.6,0.5,3.2,2.7,23.8,2023
135,131,Kessler Edwards,SF,22,BRK,13,1,5.7,0.5,1.7,.273,0.2,0.8,.182,0.3,0.8,.364,.318,0.1,0.2,.500,0.5,0.6,1.1,0.2,0.2,0.1,0.3,0.2,1.2,2023
136,132,Keon Ellis,SG,23,SAC,5,0,2.2,0.2,0.4,.500,0.2,0.4,.500,0.0,0.0,,.750,0.0,0.0,,0.0,0.4,0.4,0.2,0.0,0.0,0.0,0.4,0.6,2023
137,133,Joel Embiid,C,28,PHI,31,31,34.8,11.2,20.9,.535,1.1,3.1,.347,10.1,17.8,.567,.560,10.0,11.6,.858,1.8,8.0,9.8,4.3,1.1,1.7,3.7,3.4,33.4,2023
138,134,Drew Eubanks,C,25,POR,40,5,18.2,2.3,3.2,.738,0.1,0.1,.750,2.3,3.1,.738,.750,0.9,1.3,.667,1.5,2.9,4.4,1.0,0.5,1.1,0.9,2.1,5.6,2023
139,135,Bruno Fernando,C,24,HOU,22,4,11.2,1.4,2.5,.554,0.0,0.0,.000,1.4,2.5,.564,.554,0.8,1.3,.621,1.4,2.1,3.5,1.0,0.2,0.7,0.5,2.1,3.6,2023
140,136,Dorian Finney-Smith,PF,29,DAL,31,31,31.6,3.0,7.5,.401,1.9,5.4,.345,1.1,2.1,.547,.526,0.5,0.8,.640,1.4,2.6,4.0,1.2,1.0,0.5,0.9,1.9,8.4,2023
141,137,Malachi Flynn,PG,24,TOR,31,1,15.2,2.0,5.3,.378,1.1,2.9,.389,0.9,2.4,.365,.485,0.4,0.5,.765,0.3,1.3,1.6,1.6,0.4,0.1,0.5,1.5,5.5,2023
142,138,Simone Fontecchio,SF,27,UTA,23,0,8.8,1.2,3.3,.373,0.8,2.3,.352,0.4,0.9,.429,.500,0.4,0.6,.643,0.4,0.7,1.1,0.3,0.1,0.2,0.5,0.9,3.7,2023
143,139,Bryn Forbes,SG,29,MIN,22,0,10.7,1.1,3.4,.338,0.5,1.8,.256,0.7,1.6,.429,.405,0.6,0.6,1.000,0.2,0.4,0.6,0.6,0.3,0.0,0.4,0.9,3.3,2023
144,140,Trent Forrest,PG,24,ATL,15,3,14.1,1.5,3.1,.478,0.0,0.1,.000,1.5,2.9,.500,.478,0.1,0.2,.667,0.3,1.4,1.7,1.9,0.4,0.1,0.5,0.9,3.1,2023
145,Rk,Player,Pos,Age,Tm,G,GS,MP,FG,FGA,FG%,3P,3PA,3P%,2P,2PA,2P%,eFG%,FT,FTA,FT%,ORB,DRB,TRB,AST,STL,BLK,TOV,PF,PTS,2023
146,141,Michael Foster Jr.,PF,20,PHI,1,0,1.0,0.0,0.0,,0.0,0.0,,0.0,0.0,,,0.0,0.0,,0.0,0.0,0.0,0.0,0.0,0.0,0.0,0.0,0.0,2023
147,142,Evan Fournier,SG,30,NYK,19,7,18.4,2.3,6.5,.350,1.3,4.2,.313,0.9,2.3,.419,.451,0.8,1.0,.842,0.1,1.9,2.1,1.5,0.6,0.2,0.9,1.8,6.7,2023
148,143,De'Aaron Fox,PG,25,SAC,38,38,33.0,8.8,17.5,.505,1.7,4.9,.337,7.2,12.6,.570,.552,4.5,5.7,.800,0.4,4.0,4.4,6.1,0.9,0.4,2.7,2.4,23.8,2023
149,144,Markelle Fultz,PG,24,ORL,22,22,27.8,5.0,10.3,.489,0.4,1.4,.300,4.6,9.0,.518,.509,1.3,1.9,.690,1.2,2.8,4.0,5.6,1.7,0.3,2.3,2.0,11.8,2023
150,145,Wenyen Gabriel,PF,25,LAL,33,2,15.2,2.5,4.0,.626,0.3,0.6,.429,2.2,3.3,.664,.660,0.9,1.3,.690,1.6,2.5,4.0,0.5,0.4,0.6,0.8,2.1,6.1,2023
151,146,Daniel Gafford,C,24,WAS,42,11,16.8,3.2,4.2,.751,0.0,0.0,,3.2,4.2,.751,.751,1.4,2.2,.613,2.0,2.9,4.9,0.7,0.3,1.1,0.9,2.1,7.7,2023
152,147,Darius Garland,PG,23,CLE,35,35,35.8,7.3,16.3,.450,2.3,5.9,.393,5.0,10.4,.482,.521,4.2,4.9,.860,0.4,2.3,2.7,7.7,1.2,0.1,3.2,2.1,21.1,2023
153,148,Usman Garuba,PF,20,HOU,40,1,14.3,1.3,2.4,.526,0.2,0.6,.409,1.1,1.9,.560,.572,0.5,0.9,.559,1.9,2.9,4.8,1.0,0.7,0.5,0.8,1.8,3.3,2023
154,149,Luka Garza,C,24,MIN,12,0,7.0,1.9,3.2,.605,0.2,0.8,.200,1.8,2.3,.750,.632,1.4,1.6,.895,0.7,1.1,1.8,0.4,0.1,0.1,0.4,1.3,5.4,2023
155,150,Rudy Gay,PF,36,UTA,31,0,15.1,1.7,4.7,.363,0.5,2.4,.230,1.2,2.3,.500,.421,0.5,0.7,.762,0.6,2.4,3.1,0.7,0.5,0.4,0.6,1.3,4.5,2023
156,151,Paul George,SF,32,LAC,30,30,33.9,8.1,18.0,.451,3.1,8.0,.385,5.0,10.0,.503,.536,4.5,5.0,.887,0.6,5.3,6.0,5.1,1.5,0.4,3.5,2.6,23.7,2023
157,152,Taj Gibson,C,37,WAS,26,2,9.8,1.5,2.7,.551,0.1,0.5,.214,1.3,2.1,.636,.572,0.7,1.0,.704,0.6,1.2,1.8,0.6,0.4,0.3,0.5,1.9,3.8,2023
158,153,Josh Giddey,SG,20,OKC,38,38,30.9,6.7,14.1,.476,1.1,3.2,.342,5.6,10.9,.514,.514,1.3,1.6,.814,1.9,6.1,8.0,5.6,0.7,0.5,3.1,2.1,15.7,2023
159,154,Shai Gilgeous-Alexander,PG,24,OKC,39,39,35.6,10.2,20.2,.504,1.0,2.8,.352,9.2,17.4,.528,.528,9.4,10.3,.913,0.8,4.1,4.8,5.6,1.7,1.1,3.2,2.7,30.7,2023
160,155,Anthony Gill,PF,30,WAS,34,4,9.8,1.2,2.0,.594,0.1,0.5,.118,1.1,1.5,.750,.609,0.5,0.6,.818,0.5,0.8,1.4,0.4,0.1,0.1,0.1,1.2,3.0,2023
161,156,Rudy Gobert,C,30,MIN,38,38,31.2,5.2,7.7,.678,0.0,0.1,.000,5.2,7.6,.685,.678,3.2,4.7,.670,3.4,8.4,11.8,0.8,0.9,1.3,1.8,3.1,13.6,2023
162,157,Jordan Goodwin,PG,24,WAS,34,4,19.1,2.6,5.7,.462,0.7,1.8,.403,1.9,3.9,.489,.526,0.8,1.1,.730,1.0,2.6,3.6,2.8,1.0,0.6,1.0,1.8,6.8,2023
163,158,Aaron Gordon,PF,27,DEN,37,37,29.8,6.3,10.7,.590,0.9,2.5,.376,5.4,8.2,.656,.634,3.0,4.6,.643,2.4,4.4,6.8,2.4,0.9,0.8,1.6,1.8,16.5,2023
164,159,Eric Gordon,SG,34,HOU,36,36,29.6,4.0,9.4,.423,1.9,5.3,.360,2.1,4.1,.503,.524,1.8,2.3,.805,0.3,1.7,1.9,2.5,0.5,0.3,1.6,0.8,11.7,2023
165,160,Devonte' Graham,PG,27,NOP,43,0,15.1,1.5,4.3,.349,1.1,3.5,.322,0.4,0.9,.459,.478,0.9,1.1,.771,0.3,1.2,1.5,2.2,0.5,0.2,0.5,0.8,5.0,2023
166,Rk,Player,Pos,Age,Tm,G,GS,MP,FG,FGA,FG%,3P,3PA,3P%,2P,2PA,2P%,eFG%,FT,FTA,FT%,ORB,DRB,TRB,AST,STL,BLK,TOV,PF,PTS,2023
167,161,Jerami Grant,PF,28,POR,40,40,36.0,7.4,15.1,.489,2.5,6.0,.420,4.9,9.2,.534,.572,4.5,5.7,.792,1.1,3.3,4.3,2.6,0.9,0.8,1.9,2.4,21.8,2023
168,162,A.J. Green,SG,23,MIL,20,0,9.6,1.8,3.6,.486,1.3,3.0,.433,0.5,0.6,.750,.667,0.2,0.2,1.000,0.2,1.0,1.2,0.4,0.2,0.0,0.2,1.0,5.0,2023
169,163,Draymond Green,PF,32,GSW,38,38,31.3,3.1,6.2,.500,0.6,1.9,.315,2.5,4.2,.584,.549,0.9,1.2,.702,0.8,6.3,7.1,6.6,0.8,0.8,2.4,2.9,7.6,2023
170,164,Jalen Green,SG,20,HOU,42,42,34.5,7.2,17.7,.406,2.4,7.5,.326,4.8,10.2,.465,.475,4.6,5.9,.793,0.6,3.7,4.3,3.6,0.8,0.2,2.9,1.7,21.5,2023
171,165,JaMychal Green,PF,32,GSW,28,1,14.9,2.3,4.5,.512,0.5,1.8,.265,1.8,2.7,.671,.564,0.8,1.1,.733,1.4,2.6,4.0,0.8,0.5,0.4,1.1,2.0,5.8,2023
172,166,Javonte Green,SG,29,CHI,28,1,16.0,2.2,3.7,.587,0.5,1.2,.382,1.7,2.5,.686,.649,1.0,1.5,.674,0.9,2.0,2.9,0.8,0.8,0.7,0.7,1.7,5.9,2023
173,167,Jeff Green,PF,36,DEN,24,3,19.3,2.8,5.4,.527,0.3,1.3,.267,2.5,4.1,.606,.558,1.5,2.1,.686,0.9,1.9,2.8,1.1,0.4,0.3,1.0,1.8,7.5,2023
174,168,Josh Green,SG,22,DAL,25,1,20.3,2.4,4.1,.583,1.0,2.2,.444,1.4,2.0,.735,.699,1.3,1.8,.711,0.9,1.4,2.3,1.2,0.9,0.0,0.7,2.5,7.0,2023
175,169,AJ Griffin,SF,19,ATL,39,10,20.8,3.9,8.3,.475,1.6,4.3,.371,2.4,4.0,.586,.571,0.4,0.4,.875,0.6,1.6,2.2,1.0,0.8,0.2,0.7,1.2,9.8,2023
176,170,Blake Griffin,C,33,BOS,17,8,14.4,1.7,3.5,.492,0.5,1.5,.320,1.2,2.0,.618,.559,0.9,1.2,.714,0.9,2.8,3.6,1.2,0.3,0.1,0.4,1.9,4.8,2023
177,171,Quentin Grimes,SG,22,NYK,32,27,29.0,3.6,8.0,.451,1.9,5.2,.365,1.7,2.8,.611,.570,1.2,1.5,.813,0.8,2.6,3.4,2.0,0.8,0.4,1.2,2.7,10.4,2023
178,172,Rui Hachimura,PF,24,WAS,27,0,24.1,5.1,10.6,.483,0.9,2.8,.333,4.2,7.8,.536,.526,1.6,2.1,.768,0.7,3.8,4.5,1.2,0.4,0.4,1.3,1.3,12.7,2023
179,173,Tyrese Haliburton,PG,22,IND,40,40,33.4,7.3,15.1,.480,3.0,7.4,.399,4.3,7.7,.558,.578,2.8,3.1,.880,0.7,3.3,4.0,10.2,1.8,0.4,2.6,1.1,20.2,2023
180,174,Jordan Hall,SF,21,SAS,9,0,9.2,1.0,3.1,.321,0.3,1.7,.200,0.7,1.4,.462,.375,0.8,1.0,.778,0.3,1.0,1.3,1.2,0.1,0.0,0.8,0.7,3.1,2023
181,175,R.J. Hampton,PG,21,ORL,25,0,14.4,2.0,4.6,.439,0.7,2.1,.340,1.3,2.4,.525,.518,1.2,1.5,.838,0.4,1.2,1.6,1.4,0.6,0.2,0.8,0.9,6.0,2023
182,176,Tim Hardaway Jr.,SG,30,DAL,42,25,29.5,4.7,12.0,.390,2.9,7.9,.361,1.8,4.1,.445,.509,1.8,2.3,.792,0.2,3.0,3.2,1.5,0.8,0.1,0.9,1.6,14.0,2023
183,177,James Harden,PG,33,PHI,27,27,37.2,6.8,15.3,.443,2.9,7.4,.383,3.9,7.9,.500,.536,5.8,6.7,.867,0.6,5.8,6.4,11.1,1.3,0.6,3.6,2.1,22.2,2023
184,178,Jaden Hardy,SG,20,DAL,17,0,10.2,1.9,4.8,.402,0.5,1.8,.258,1.5,3.0,.490,.451,1.1,1.2,.900,0.0,1.2,1.2,0.6,0.2,0.1,0.6,1.5,5.4,2023
185,179,Ron Harper Jr.,SF,22,TOR,2,0,4.0,1.0,2.0,.500,1.0,1.5,.667,0.0,0.5,.000,.750,0.0,0.0,,0.0,0.5,0.5,0.0,0.0,0.0,0.0,0.0,3.0,2023
186,180,Montrezl Harrell,C,29,PHI,38,6,12.5,2.3,3.9,.584,0.0,0.1,.000,2.3,3.9,.592,.584,1.4,2.0,.720,1.2,1.6,2.8,0.7,0.3,0.6,0.7,1.4,6.0,2023
187,Rk,Player,Pos,Age,Tm,G,GS,MP,FG,FGA,FG%,3P,3PA,3P%,2P,2PA,2P%,eFG%,FT,FTA,FT%,ORB,DRB,TRB,AST,STL,BLK,TOV,PF,PTS,2023
188,181,Gary Harris,SG,28,ORL,15,9,23.5,3.1,6.7,.455,1.3,3.4,.392,1.7,3.3,.520,.554,1.1,1.3,.895,0.5,1.9,2.3,1.3,0.8,0.2,1.0,2.3,8.6,2023
189,182,Joe Harris,SG,31,BRK,34,19,24.6,3.0,6.9,.438,1.8,4.6,.385,1.3,2.3,.544,.566,0.4,0.6,.667,0.4,2.4,2.8,1.5,0.6,0.3,0.6,2.6,8.2,2023
190,183,Kevon Harris,SG,25,ORL,26,0,12.6,1.2,2.9,.421,0.4,1.1,.393,0.8,1.8,.438,.493,0.8,1.0,.815,0.8,1.2,2.0,0.5,0.5,0.1,0.6,1.3,3.7,2023
191,184,Tobias Harris,PF,30,PHI,38,38,34.1,6.4,13.0,.495,1.9,5.1,.381,4.5,7.9,.569,.570,1.6,1.8,.868,1.1,5.2,6.3,2.6,1.1,0.6,1.3,2.1,16.3,2023
192,185,Josh Hart,SF,27,POR,40,40,34.5,3.6,7.1,.512,0.7,2.0,.346,3.0,5.1,.576,.560,1.8,2.4,.747,2.0,6.4,8.3,4.2,1.2,0.2,1.7,2.7,9.7,2023
193,186,Isaiah Hartenstein,C,24,NYK,43,7,18.9,2.2,4.4,.487,0.2,0.8,.242,2.0,3.7,.538,.508,0.7,0.9,.750,2.7,3.5,6.2,0.7,0.6,0.7,0.8,2.4,5.2,2023
194,187,Udonis Haslem,C,42,MIA,5,1,7.2,0.2,2.0,.100,0.0,0.2,.000,0.2,1.8,.111,.100,0.2,0.4,.500,0.6,0.6,1.2,0.0,0.2,0.2,0.0,1.4,0.6,2023
195,188,Sam Hauser,PF,25,BOS,44,0,14.7,2.0,4.5,.442,1.5,3.8,.399,0.5,0.7,.677,.611,0.2,0.3,.615,0.4,1.9,2.4,0.7,0.3,0.2,0.3,1.1,5.7,2023
196,189,Jaxson Hayes,C,22,NOP,23,1,13.7,1.8,3.5,.525,0.1,0.8,.167,1.7,2.7,.629,.544,1.1,1.8,.634,0.8,2.2,3.0,0.8,0.3,0.4,0.6,1.4,4.9,2023
197,190,Killian Hayes,PG,21,DET,43,30,26.4,4.0,10.0,.400,1.2,3.6,.340,2.8,6.4,.433,.460,0.8,1.0,.810,0.4,2.5,2.9,5.7,1.2,0.4,1.9,2.8,10.0,2023
198,191,Gordon Hayward,SF,32,CHO,21,21,32.7,5.1,12.0,.423,1.1,3.8,.300,4.0,8.2,.480,.470,2.3,3.0,.766,0.9,3.9,4.7,3.9,0.8,0.2,2.1,1.1,13.7,2023
199,192,Juancho Hernangómez,PF,27,TOR,30,10,16.8,1.5,3.3,.459,0.5,1.8,.291,1.0,1.4,.674,.541,0.3,0.5,.571,0.8,2.6,3.4,0.6,0.5,0.2,0.4,1.2,3.8,2023
200,193,Willy Hernangómez,C,28,NOP,21,0,11.8,2.3,4.4,.516,0.0,0.3,.167,2.2,4.1,.540,.522,2.2,2.8,.797,2.0,2.7,4.7,0.9,0.3,0.3,1.1,1.6,6.9,2023
201,194,Tyler Herro,SG,23,MIA,32,32,35.4,7.5,16.8,.445,3.3,8.5,.392,4.2,8.3,.500,.545,2.8,3.1,.918,0.5,5.5,6.0,4.4,1.0,0.3,2.6,1.8,21.2,2023
202,195,Buddy Hield,SF,30,IND,44,44,31.9,6.4,14.2,.451,3.9,9.1,.424,2.5,5.1,.500,.587,1.3,1.5,.875,0.8,4.1,4.9,2.6,1.0,0.3,1.8,2.0,18.0,2023
203,196,Haywood Highsmith,SF,26,MIA,31,9,20.1,1.8,4.6,.394,0.8,2.3,.338,1.0,2.3,.451,.479,0.2,0.5,.375,1.2,2.8,4.0,0.8,0.9,0.3,0.9,1.5,4.6,2023
204,197,George Hill,PG,36,MIL,31,0,19.8,1.7,3.8,.437,0.6,2.1,.308,1.0,1.7,.593,.521,1.0,1.4,.727,0.4,1.7,2.1,2.6,0.5,0.1,0.9,1.2,5.0,2023
205,198,Malcolm Hill,SF,27,CHI,3,0,0.3,0.0,0.0,,0.0,0.0,,0.0,0.0,,,0.0,0.0,,0.0,0.3,0.3,0.0,0.0,0.0,0.0,0.0,0.0,2023
206,199,Aaron Holiday,PG,26,ATL,39,4,16.2,1.7,4.1,.416,0.6,1.5,.400,1.1,2.6,.426,.491,0.6,0.7,.846,0.5,1.0,1.5,1.5,0.6,0.2,0.6,1.6,4.6,2023
207,200,Jrue Holiday,PG,32,MIL,32,30,32.3,6.8,15.0,.450,2.3,6.1,.372,4.5,8.9,.504,.526,2.6,3.0,.863,1.2,3.7,4.9,7.3,1.4,0.4,3.2,1.9,18.3,2023
208,Rk,Player,Pos,Age,Tm,G,GS,MP,FG,FGA,FG%,3P,3PA,3P%,2P,2PA,2P%,eFG%,FT,FTA,FT%,ORB,DRB,TRB,AST,STL,BLK,TOV,PF,PTS,2023
209,201,Justin Holiday,SG,33,ATL,27,0,15.0,1.7,4.5,.377,1.1,3.1,.341,0.6,1.4,.459,.496,0.0,0.0,,0.1,0.8,0.9,0.9,0.2,0.4,0.4,1.3,4.5,2023
210,202,Richaun Holmes,C,29,SAC,27,0,8.8,1.2,1.9,.647,0.1,0.1,.750,1.1,1.7,.638,.676,0.3,0.3,.778,0.7,1.3,2.0,0.1,0.1,0.3,0.3,1.4,2.8,2023
211,203,Al Horford,C,36,BOS,34,34,30.5,3.6,7.4,.492,2.1,4.7,.441,1.5,2.6,.584,.634,0.2,0.3,.600,1.1,5.2,6.3,2.7,0.5,1.0,0.6,1.8,9.5,2023
212,204,Talen Horton-Tucker,SG,22,UTA,36,1,16.1,2.6,6.6,.399,0.7,2.7,.258,1.9,3.9,.496,.452,1.2,1.6,.750,0.4,2.1,2.5,2.4,0.7,0.4,1.3,1.4,7.1,2023
213,205,Danuel House Jr.,SF,29,PHI,32,2,16.4,1.7,3.5,.473,0.7,2.1,.333,1.0,1.4,.674,.571,0.8,1.1,.750,0.2,1.8,2.0,0.8,0.2,0.2,0.5,1.3,4.8,2023
214,206,Caleb Houstan,SF,20,ORL,30,2,16.5,1.3,3.5,.381,0.9,2.6,.364,0.4,0.9,.429,.514,0.4,0.4,.846,0.7,1.6,2.3,0.6,0.2,0.1,0.3,1.4,4.0,2023
215,207,Trevor Hudgins,PG,23,HOU,1,0,4.0,1.0,1.0,1.000,1.0,1.0,1.000,0.0,0.0,,1.500,0.0,0.0,,0.0,0.0,0.0,0.0,0.0,0.0,0.0,0.0,3.0,2023
216,208,Kevin Huerter,SG,24,SAC,38,38,31.3,5.7,11.7,.482,3.0,7.1,.420,2.7,4.7,.576,.609,1.6,2.1,.728,0.6,2.8,3.3,2.9,1.1,0.3,1.6,2.7,15.8,2023
217,209,De'Andre Hunter,SF,25,ATL,35,35,31.8,5.5,12.3,.450,1.6,4.3,.377,3.9,8.0,.489,.516,2.9,3.5,.821,0.7,3.7,4.4,1.2,0.5,0.2,1.3,3.0,15.6,2023
218,210,Bones Hyland,PG,22,DEN,34,1,20.8,4.6,11.1,.412,2.5,6.2,.410,2.1,5.0,.414,.525,1.7,2.1,.843,0.3,2.0,2.3,3.2,0.7,0.3,1.7,1.7,13.4,2023
219,211,Serge Ibaka,C,33,MIL,16,0,11.6,1.6,3.4,.481,0.4,1.1,.333,1.3,2.3,.556,.537,0.5,0.8,.615,0.9,1.8,2.8,0.3,0.1,0.4,0.7,1.4,4.1,2023
220,212,Andre Iguodala,SF,39,GSW,3,0,14.0,1.0,1.3,.750,0.3,0.7,.500,0.7,0.7,1.000,.875,0.0,0.0,,0.3,2.0,2.3,1.7,0.3,0.3,1.7,1.7,2.3,2023
221,213,Joe Ingles,SF,35,MIL,12,0,20.3,2.2,6.3,.347,1.6,5.0,.317,0.6,1.3,.467,.473,0.3,0.3,1.000,0.5,1.5,2.0,3.7,0.5,0.1,1.8,1.3,6.2,2023
222,214,Brandon Ingram,SF,25,NOP,15,15,32.1,7.3,15.4,.472,1.9,4.0,.467,5.4,11.4,.474,.532,4.4,5.1,.868,0.5,4.6,5.1,4.7,0.9,0.7,2.8,2.2,20.8,2023
223,215,Kyrie Irving,PG,30,BRK,31,31,36.6,9.6,19.9,.484,3.1,8.6,.362,6.5,11.3,.577,.562,3.5,3.9,.902,0.9,3.9,4.8,4.8,0.8,0.8,2.2,2.6,26.0,2023
224,216,Jaden Ivey,SG,20,DET,42,41,30.0,5.1,12.5,.411,1.3,4.1,.327,3.8,8.4,.452,.465,3.4,4.7,.724,1.0,3.1,4.1,4.2,1.0,0.2,2.8,3.0,15.0,2023
225,217,Isaiah Jackson,C,21,IND,33,5,16.4,2.7,5.0,.549,0.0,0.2,.125,2.7,4.7,.571,.552,1.7,2.4,.696,1.5,2.7,4.2,1.0,0.5,1.5,1.0,2.4,7.2,2023
226,218,Jaren Jackson Jr.,C,23,MEM,26,26,26.1,5.9,11.3,.520,1.5,4.0,.375,4.4,7.3,.600,.587,3.3,4.3,.766,1.9,4.9,6.8,1.0,1.0,3.2,1.5,3.1,16.5,2023
227,219,Justin Jackson,SF,27,BOS,19,0,4.4,0.3,1.2,.227,0.2,0.8,.250,0.1,0.3,.167,.318,0.1,0.1,.500,0.1,0.4,0.5,0.4,0.2,0.2,0.1,0.3,0.8,2023
228,220,Reggie Jackson,PG,32,LAC,39,38,27.6,4.2,10.3,.413,1.5,4.3,.341,2.8,6.0,.464,.484,1.4,1.5,.915,0.5,2.0,2.4,3.7,0.6,0.1,2.0,1.9,11.3,2023
229,Rk,Player,Pos,Age,Tm,G,GS,MP,FG,FGA,FG%,3P,3PA,3P%,2P,2PA,2P%,eFG%,FT,FTA,FT%,ORB,DRB,TRB,AST,STL,BLK,TOV,PF,PTS,2023
230,221,LeBron James,PF,38,LAL,32,32,36.3,11.3,22.5,.503,1.9,6.7,.285,9.4,15.8,.595,.545,4.4,5.9,.747,1.3,7.1,8.4,6.8,1.0,0.5,3.3,1.7,29.0,2023
231,222,Ty Jerome,SG,25,GSW,25,1,17.7,2.7,5.4,.496,0.8,2.2,.382,1.8,3.2,.575,.574,1.0,1.0,.962,0.1,1.5,1.6,2.3,0.3,0.1,0.7,1.4,7.2,2023
232,223,Isaiah Joe,SG,23,OKC,35,1,13.6,2.3,4.9,.457,1.6,3.9,.422,0.6,1.1,.579,.621,0.9,1.1,.795,0.3,1.7,2.0,1.1,0.6,0.1,0.4,1.5,7.0,2023
233,224,Alize Johnson,PF,26,SAS,4,0,7.5,0.8,1.5,.500,0.0,0.5,.000,0.8,1.0,.750,.500,0.3,0.5,.500,0.5,2.0,2.5,0.3,0.3,0.0,1.0,0.8,1.8,2023
234,225,Cameron Johnson,PF,26,PHO,8,8,25.3,4.6,10.4,.446,2.8,6.4,.431,1.9,4.0,.469,.578,1.0,1.4,.727,0.6,2.8,3.4,1.8,1.1,0.4,0.3,1.8,13.0,2023
235,226,Jalen Johnson,SF,21,ATL,41,6,15.2,2.1,4.4,.478,0.4,1.6,.273,1.7,2.8,.596,.528,0.9,1.2,.714,0.7,3.0,3.6,1.0,0.5,0.5,0.5,1.6,5.5,2023
236,227,James Johnson,PF,35,IND,11,1,8.4,0.8,2.3,.360,0.2,0.8,.222,0.6,1.5,.438,.400,0.0,0.0,,0.1,1.1,1.2,0.6,0.3,0.5,0.5,2.0,1.8,2023
237,228,Keldon Johnson,SF,23,SAS,37,37,32.0,7.4,17.3,.425,2.4,7.0,.344,4.9,10.3,.480,.495,4.1,5.2,.773,0.8,3.9,4.7,2.6,0.7,0.2,2.2,1.9,21.2,2023
238,229,Keon Johnson,SG,20,POR,21,0,11.9,1.9,5.1,.364,0.8,2.4,.333,1.0,2.7,.393,.444,0.2,0.6,.385,0.3,1.3,1.6,1.0,0.5,0.2,1.2,1.2,4.8,2023
239,230,Stanley Johnson,SF,26,SAS,16,0,13.7,2.3,3.9,.587,0.8,1.7,.481,1.5,2.3,.667,.690,0.8,1.4,.591,0.4,2.1,2.5,2.2,0.4,0.3,0.8,1.7,6.3,2023
240,231,Nikola Jokić,C,27,DEN,38,38,33.3,9.4,15.2,.618,0.9,2.3,.375,8.5,12.9,.661,.646,5.2,6.4,.812,2.1,8.9,11.0,9.7,1.4,0.6,3.4,2.8,24.9,2023
241,232,Damian Jones,C,27,LAL,19,1,8.9,1.1,1.9,.556,0.0,0.2,.000,1.1,1.7,.606,.556,0.8,1.1,.750,0.9,1.9,2.8,0.2,0.2,0.6,0.4,0.8,2.9,2023
242,233,Derrick Jones Jr.,SF,25,CHI,32,0,14.9,2.0,3.8,.528,0.4,1.2,.359,1.6,2.6,.607,.585,1.2,1.5,.792,0.8,1.7,2.5,0.6,0.4,0.7,0.5,1.5,5.7,2023
243,234,Herbert Jones,SF,24,NOP,29,29,28.0,3.4,7.9,.426,0.8,2.8,.296,2.6,5.1,.497,.478,2.4,3.1,.775,1.2,2.5,3.7,2.1,1.5,0.7,1.2,3.3,10.0,2023
244,235,Kai Jones,C,22,CHO,25,0,9.1,1.1,2.2,.500,0.1,0.4,.273,1.0,1.8,.556,.527,0.3,0.4,.727,0.8,1.2,2.0,0.2,0.2,0.4,0.4,1.2,2.7,2023
245,236,Tre Jones,PG,23,SAS,42,42,29.9,5.3,11.7,.448,0.8,2.7,.292,4.5,9.0,.495,.482,2.4,2.7,.894,0.8,2.9,3.7,6.4,1.4,0.2,1.9,1.6,13.7,2023
246,237,Tyus Jones,PG,26,MEM,42,7,23.7,4.1,9.1,.449,1.6,4.0,.396,2.5,5.0,.491,.537,1.1,1.4,.783,0.4,1.9,2.2,4.8,1.0,0.0,0.9,0.4,10.9,2023
247,238,DeAndre Jordan,C,34,DEN,29,4,14.4,2.1,2.7,.769,0.0,0.0,1.000,2.0,2.7,.766,.776,0.6,1.2,.472,1.2,3.9,5.1,0.9,0.2,0.7,1.1,1.7,4.8,2023
248,239,Cory Joseph,PG,31,DET,35,2,15.6,1.7,4.2,.392,0.6,1.8,.313,1.1,2.4,.452,.459,0.7,1.0,.765,0.3,1.0,1.3,3.1,0.4,0.1,0.7,1.5,4.6,2023
249,240,Nikola Jović,PF,19,MIA,15,8,13.6,1.9,4.6,.406,0.5,2.3,.229,1.3,2.3,.588,.464,1.2,1.3,.947,0.6,1.5,2.1,0.7,0.5,0.1,0.7,1.3,5.5,2023
250,Rk,Player,Pos,Age,Tm,G,GS,MP,FG,FGA,FG%,3P,3PA,3P%,2P,2PA,2P%,eFG%,FT,FTA,FT%,ORB,DRB,TRB,AST,STL,BLK,TOV,PF,PTS,2023
251,241,Mfiondu Kabengele,PF,25,BOS,1,0,8.0,1.0,2.0,.500,0.0,1.0,.000,1.0,1.0,1.000,.500,0.0,0.0,,3.0,1.0,4.0,0.0,0.0,0.0,0.0,1.0,2.0,2023
252,242,Frank Kaminsky,C,29,ATL,22,0,7.4,1.0,1.8,.575,0.5,1.0,.500,0.5,0.8,.667,.713,0.5,0.5,.833,0.1,1.5,1.6,0.9,0.1,0.0,0.3,0.9,3.0,2023
253,243,Trevor Keels,SG,19,NYK,1,0,1.0,0.0,1.0,.000,0.0,1.0,.000,0.0,0.0,,.000,0.0,0.0,,0.0,1.0,1.0,0.0,0.0,0.0,0.0,0.0,0.0,2023
254,244,Luke Kennard,SG,26,LAC,29,8,22.1,3.1,6.3,.489,1.9,4.0,.462,1.2,2.3,.537,.636,0.7,0.7,.950,0.2,2.3,2.5,1.2,0.6,0.1,0.9,1.4,8.7,2023
255,245,Walker Kessler,C,21,UTA,43,9,19.5,3.1,4.3,.719,0.0,0.0,,3.1,4.3,.719,.719,1.0,1.8,.558,2.6,4.2,6.8,0.6,0.3,2.0,0.7,2.3,7.2,2023
256,246,Braxton Key,SF,25,DET,3,0,3.0,0.3,0.3,1.000,0.0,0.0,,0.3,0.3,1.000,1.000,0.7,0.7,1.000,0.0,0.3,0.3,0.0,0.0,0.0,0.0,0.0,1.3,2023
257,247,Corey Kispert,SF,23,WAS,35,23,28.3,3.4,7.0,.480,1.8,4.4,.416,1.5,2.6,.587,.610,1.1,1.3,.830,0.5,2.4,2.9,1.4,0.6,0.1,0.8,1.5,9.7,2023
258,248,Maxi Kleber,C,31,DAL,22,0,25.6,2.3,4.7,.490,1.1,3.0,.369,1.2,1.8,.692,.606,0.5,0.6,.786,0.9,2.7,3.5,1.0,0.3,1.0,0.6,2.2,6.2,2023
259,249,Nathan Knight,PF,25,MIN,20,0,5.8,0.9,1.4,.643,0.1,0.3,.400,0.8,1.2,.696,.679,0.9,1.3,.680,0.5,0.8,1.3,0.3,0.2,0.1,0.6,0.8,2.8,2023
260,250,Kevin Knox,PF,23,DET,36,1,14.5,2.0,4.5,.453,1.0,2.9,.356,1.0,1.6,.632,.568,0.6,0.8,.793,0.4,2.1,2.5,0.4,0.3,0.3,0.7,1.8,5.7,2023
261,251,Christian Koloko,C,22,TOR,40,19,15.6,1.5,3.0,.492,0.0,0.2,.111,1.4,2.7,.523,.496,0.9,1.3,.660,1.7,1.7,3.4,0.5,0.3,1.1,0.5,2.6,3.8,2023
262,252,John Konchar,SG,26,MEM,39,22,24.6,2.6,5.7,.451,1.2,3.2,.373,1.4,2.5,.551,.556,0.5,0.6,.870,0.9,4.2,5.2,1.5,1.1,0.3,0.6,1.5,6.9,2023
263,253,Furkan Korkmaz,SG,25,PHI,23,0,10.9,1.3,3.3,.395,0.5,1.5,.343,0.8,1.8,.439,.474,0.8,1.3,.655,0.2,1.0,1.2,0.8,0.3,0.1,0.7,0.4,4.0,2023
264,254,Luke Kornet,C,27,BOS,37,0,11.8,1.6,2.4,.685,0.1,0.2,.429,1.6,2.2,.707,.702,0.4,0.5,.833,1.3,1.9,3.2,0.7,0.2,0.8,0.4,1.3,3.8,2023
265,255,Vit Krejci,PG,22,ATL,17,0,6.3,0.6,1.5,.385,0.3,1.0,.294,0.3,0.5,.556,.481,0.1,0.1,.500,0.1,0.5,0.6,0.6,0.1,0.1,0.2,0.6,1.5,2023
266,256,Jonathan Kuminga,PF,20,GSW,33,4,18.6,2.8,6.0,.472,0.5,1.9,.258,2.4,4.2,.569,.513,1.4,2.0,.672,1.0,2.2,3.2,1.7,0.5,0.5,1.5,2.3,7.5,2023
267,257,Kyle Kuzma,PF,27,WAS,42,42,35.2,8.3,18.0,.463,2.5,7.2,.339,5.9,10.7,.547,.531,2.7,3.7,.723,0.9,6.5,7.4,3.9,0.5,0.4,3.0,2.5,21.7,2023
268,258,Anthony Lamb,SF,25,GSW,34,3,19.8,2.7,5.3,.503,1.4,3.5,.403,1.3,1.8,.694,.635,0.6,0.9,.759,0.8,2.5,3.3,1.7,0.6,0.3,1.1,2.3,7.4,2023
269,259,Jock Landale,C,27,PHO,37,2,14.6,2.5,4.8,.517,0.4,1.4,.245,2.1,3.3,.634,.554,1.4,1.7,.823,1.6,2.3,4.0,0.9,0.2,0.6,0.9,1.8,6.6,2023
270,260,Romeo Langford,SG,23,SAS,28,15,20.0,3.1,6.4,.486,0.4,1.4,.256,2.8,5.0,.550,.514,0.8,1.3,.639,1.5,1.3,2.8,1.2,0.6,0.4,0.7,1.7,7.4,2023
271,Rk,Player,Pos,Age,Tm,G,GS,MP,FG,FGA,FG%,3P,3PA,3P%,2P,2PA,2P%,eFG%,FT,FTA,FT%,ORB,DRB,TRB,AST,STL,BLK,TOV,PF,PTS,2023
272,261,Jake LaRavia,PF,21,MEM,24,0,14.4,1.3,3.2,.416,0.8,2.3,.370,0.5,1.0,.522,.545,0.3,0.3,.857,0.7,1.6,2.3,0.9,0.4,0.2,0.7,1.8,3.8,2023
273,262,Zach LaVine,SG,27,CHI,39,39,35.6,8.4,18.2,.464,3.1,7.8,.392,5.4,10.3,.519,.549,3.9,4.6,.840,0.6,3.9,4.5,4.3,1.0,0.2,2.5,2.2,23.8,2023
274,263,A.J. Lawson,SG,22,TOT,7,0,2.4,0.3,1.1,.250,0.1,0.7,.200,0.1,0.4,.333,.313,0.0,0.0,,0.0,0.4,0.4,0.1,0.0,0.0,0.0,0.1,0.7,2023
275,263,A.J. Lawson,SG,22,MIN,1,0,2.0,1.0,1.0,1.000,0.0,0.0,,1.0,1.0,1.000,1.000,0.0,0.0,,0.0,1.0,1.0,0.0,0.0,0.0,0.0,1.0,2.0,2023
276,263,A.J. Lawson,SG,22,DAL,6,0,2.5,0.2,1.2,.143,0.2,0.8,.200,0.0,0.3,.000,.214,0.0,0.0,,0.0,0.3,0.3,0.2,0.0,0.0,0.0,0.0,0.5,2023
277,264,Damion Lee,SG,30,PHO,44,2,22.3,3.0,6.3,.468,1.8,3.8,.485,1.1,2.6,.442,.612,1.4,1.5,.954,0.5,3.0,3.5,1.3,0.4,0.1,1.0,1.7,9.1,2023
278,265,Saben Lee,PG,23,TOT,4,0,9.8,2.0,2.8,.727,0.0,0.5,.000,2.0,2.3,.889,.727,2.5,3.0,.833,0.0,1.3,1.3,2.0,0.3,0.0,1.3,0.8,6.5,2023
279,265,Saben Lee,PG,23,PHI,2,0,5.0,1.5,2.0,.750,0.0,0.5,.000,1.5,1.5,1.000,.750,0.0,0.0,,0.0,0.0,0.0,1.0,0.5,0.0,1.5,0.5,3.0,2023
280,265,Saben Lee,PG,23,PHO,2,0,14.5,2.5,3.5,.714,0.0,0.5,.000,2.5,3.0,.833,.714,5.0,6.0,.833,0.0,2.5,2.5,3.0,0.0,0.0,1.0,1.0,10.0,2023
281,266,Alex Len,C,29,SAC,10,1,4.0,0.5,1.0,.500,0.0,0.1,.000,0.5,0.9,.556,.500,0.3,0.4,.750,0.3,1.0,1.3,0.3,0.0,0.0,0.3,0.7,1.3,2023
282,267,Kawhi Leonard,SF,31,LAC,20,18,29.7,6.8,14.1,.479,1.1,3.8,.289,5.7,10.3,.549,.518,3.9,4.6,.837,1.2,5.1,6.2,3.9,1.1,0.3,1.6,1.4,18.5,2023
283,268,Caris LeVert,SG,28,CLE,40,20,31.2,4.5,10.8,.413,1.5,4.2,.355,3.0,6.6,.451,.483,2.0,2.6,.743,0.8,3.4,4.2,3.7,0.8,0.2,1.6,2.3,12.4,2023
284,269,Kira Lewis Jr.,PG,21,NOP,5,0,8.2,1.6,3.4,.471,0.2,0.8,.250,1.4,2.6,.538,.500,1.6,1.6,1.000,0.2,1.0,1.2,0.2,0.2,0.0,0.6,1.0,5.0,2023
285,270,Damian Lillard,PG,32,POR,30,30,35.6,8.8,19.8,.446,3.9,10.9,.359,4.9,8.9,.552,.545,6.9,7.8,.885,0.6,3.3,3.9,7.1,0.9,0.3,3.3,1.9,28.5,2023
286,271,Nassir Little,SF,22,POR,21,0,15.3,2.0,4.3,.473,0.8,2.0,.372,1.3,2.3,.563,.560,0.7,1.0,.667,0.3,2.0,2.4,0.9,0.4,0.1,0.7,0.8,5.5,2023
287,272,Isaiah Livers,PF,24,DET,24,7,19.6,1.8,4.6,.400,1.3,3.6,.349,0.6,1.0,.583,.536,0.6,0.8,.750,0.5,1.9,2.4,0.5,0.4,0.5,0.5,1.9,5.5,2023
288,273,Kenneth Lofton Jr.,PF,20,MEM,6,0,4.0,1.2,2.5,.467,0.0,0.3,.000,1.2,2.2,.538,.467,0.2,0.5,.333,0.2,0.5,0.7,0.7,0.0,0.0,0.2,0.5,2.5,2023
289,274,Kevon Looney,C,26,GSW,42,42,23.2,2.8,4.4,.632,0.0,0.0,,2.8,4.4,.632,.632,1.2,1.8,.636,2.9,5.5,8.5,2.8,0.4,0.5,0.5,2.8,6.7,2023
290,275,Brook Lopez,C,34,MIL,42,42,30.5,5.5,11.0,.499,2.0,5.0,.392,3.5,5.9,.590,.589,1.5,1.9,.778,2.1,4.4,6.5,1.2,0.5,2.5,1.4,2.4,14.4,2023
291,276,Robin Lopez,C,34,CLE,25,1,8.6,1.3,2.0,.640,0.0,0.0,1.000,1.2,2.0,.633,.650,0.4,0.6,.714,0.8,0.7,1.5,0.4,0.0,0.1,0.7,1.1,3.0,2023
292,277,Kevin Love,PF,34,CLE,36,3,20.7,2.9,7.3,.393,1.8,5.0,.358,1.1,2.3,.470,.515,1.4,1.6,.877,1.1,6.2,7.2,1.9,0.2,0.2,1.2,1.7,8.9,2023
293,278,Kyle Lowry,PG,36,MIA,36,36,35.0,4.1,10.4,.398,2.2,6.5,.336,1.9,3.9,.504,.504,2.6,3.0,.862,0.8,3.7,4.4,5.6,1.1,0.5,2.1,2.9,13.1,2023
294,279,Trey Lyles,PF,27,SAC,35,0,15.1,2.3,5.2,.453,1.1,3.2,.360,1.2,2.0,.600,.564,1.0,1.3,.756,1.0,2.7,3.7,0.9,0.3,0.5,0.9,1.2,6.8,2023
295,280,Théo Maledon,PG,21,CHO,35,1,16.1,1.8,4.3,.408,0.6,1.8,.323,1.2,2.6,.467,.474,1.4,1.6,.875,0.3,2.1,2.4,2.5,0.8,0.2,1.0,1.0,5.5,2023
296,Rk,Player,Pos,Age,Tm,G,GS,MP,FG,FGA,FG%,3P,3PA,3P%,2P,2PA,2P%,eFG%,FT,FTA,FT%,ORB,DRB,TRB,AST,STL,BLK,TOV,PF,PTS,2023
297,281,Sandro Mamukelashvili,C,23,MIL,19,0,8.8,0.8,2.4,.333,0.3,1.3,.240,0.5,1.1,.450,.400,0.4,0.6,.583,0.6,1.7,2.3,0.7,0.1,0.2,0.3,0.7,2.3,2023
298,282,Terance Mann,SG,26,LAC,43,18,22.0,3.2,6.3,.509,0.7,2.1,.348,2.5,4.2,.592,.568,1.1,1.4,.770,1.0,2.6,3.7,1.9,0.6,0.3,1.0,1.8,8.3,2023
299,283,Tre Mann,PG,21,OKC,38,4,20.0,3.4,8.5,.395,1.4,4.6,.307,1.9,3.9,.500,.478,0.5,0.7,.704,0.4,1.9,2.4,1.7,0.7,0.2,1.0,1.5,8.7,2023
300,284,Boban Marjanović,C,34,HOU,14,0,4.1,1.1,1.6,.682,0.0,0.1,.000,1.1,1.5,.714,.682,0.8,1.0,.786,0.5,1.0,1.5,0.2,0.1,0.1,0.2,0.1,2.9,2023
301,285,Lauri Markkanen,SF,25,UTA,42,42,34.2,8.3,16.0,.519,2.9,7.1,.413,5.4,8.9,.604,.611,5.1,5.8,.869,1.8,6.8,8.6,1.9,0.6,0.6,1.9,2.1,24.6,2023
302,286,Naji Marshall,SF,25,NOP,41,15,24.7,3.5,8.1,.435,1.1,3.4,.341,2.4,4.8,.503,.506,2.1,2.7,.793,0.8,3.0,3.7,2.4,0.8,0.2,1.3,1.5,10.4,2023
303,287,Caleb Martin,PF,27,MIA,34,34,31.4,4.0,8.6,.459,1.4,3.7,.389,2.5,4.9,.512,.543,1.0,1.3,.773,1.5,3.3,4.8,1.9,1.0,0.4,1.1,1.9,10.4,2023
304,288,Cody Martin,SF,27,CHO,7,0,19.1,2.0,5.1,.389,0.4,2.0,.214,1.6,3.1,.500,.431,0.6,1.0,.571,1.1,2.3,3.4,1.6,0.6,0.1,0.3,1.9,5.0,2023
305,289,Kenyon Martin Jr.,SF,22,HOU,42,9,24.2,4.2,7.6,.550,0.9,2.8,.322,3.3,4.8,.685,.610,1.4,2.2,.624,1.3,3.5,4.8,1.4,0.4,0.3,1.1,1.6,10.6,2023
306,290,Tyrese Martin,SG,23,ATL,11,0,3.8,0.5,1.5,.375,0.1,0.5,.200,0.5,1.0,.455,.406,0.2,0.2,1.000,0.2,0.4,0.5,0.0,0.1,0.0,0.1,0.2,1.4,2023
307,291,Garrison Mathews,SG,26,HOU,35,0,12.7,1.3,3.7,.359,1.2,3.4,.356,0.1,0.3,.400,.523,0.9,0.9,.939,0.2,1.0,1.2,0.5,0.6,0.1,0.3,1.3,4.7,2023
308,292,Bennedict Mathurin,SF,20,IND,44,4,28.1,5.5,12.9,.423,1.5,4.6,.333,3.9,8.3,.471,.482,4.9,6.1,.809,1.0,2.9,3.9,1.4,0.6,0.1,1.9,2.0,17.3,2023
309,293,Wesley Matthews,SG,36,MIL,26,0,14.8,0.9,2.9,.320,0.7,2.3,.311,0.2,0.5,.357,.447,0.3,0.4,.900,0.7,0.9,1.6,0.6,0.5,0.2,0.4,1.5,2.9,2023
310,294,Tyrese Maxey,SG,22,PHI,23,21,34.4,7.7,17.0,.451,2.6,6.5,.396,5.1,10.5,.485,.527,3.2,4.0,.785,0.4,2.6,3.0,4.0,0.9,0.2,1.8,2.3,21.0,2023
311,295,Miles McBride,PG,22,NYK,31,2,14.0,1.3,3.8,.350,0.7,2.5,.273,0.6,1.3,.500,.440,0.4,0.6,.684,0.2,0.5,0.7,1.1,0.6,0.0,0.5,0.9,3.7,2023
312,296,CJ McCollum,SG,31,NOP,38,38,35.2,8.0,18.4,.435,3.0,7.4,.403,5.0,10.9,.457,.516,2.2,2.8,.785,0.8,3.9,4.7,5.9,1.0,0.6,2.6,1.7,21.2,2023
313,297,T.J. McConnell,PG,30,IND,41,0,17.6,2.6,5.5,.478,0.2,0.6,.304,2.4,4.9,.498,.493,0.6,0.7,.897,0.6,2.0,2.6,4.5,1.0,0.1,1.5,1.3,6.0,2023
314,298,Jaden McDaniels,PF,22,MIN,41,41,30.6,4.5,8.6,.530,1.2,3.0,.390,3.4,5.6,.605,.598,1.3,1.7,.757,1.3,2.4,3.7,2.0,1.1,1.1,1.5,3.4,11.5,2023
315,299,Jalen McDaniels,SF,25,CHO,44,16,26.6,4.0,8.7,.455,1.2,3.5,.342,2.8,5.2,.533,.525,1.7,2.0,.854,0.8,4.0,4.8,2.0,1.0,0.6,1.4,2.9,10.8,2023
316,300,Doug McDermott,SF,31,SAS,38,0,20.5,3.9,8.0,.487,1.9,4.5,.421,2.0,3.5,.571,.605,0.8,1.1,.738,0.3,2.1,2.4,1.4,0.1,0.2,0.9,1.7,10.5,2023
317,Rk,Player,Pos,Age,Tm,G,GS,MP,FG,FGA,FG%,3P,3PA,3P%,2P,2PA,2P%,eFG%,FT,FTA,FT%,ORB,DRB,TRB,AST,STL,BLK,TOV,PF,PTS,2023
318,301,JaVale McGee,C,35,DAL,28,7,8.0,1.7,2.8,.615,0.0,0.1,.250,1.7,2.6,.635,.622,0.5,0.9,.542,0.6,1.8,2.5,0.3,0.1,0.6,0.9,1.2,3.9,2023
319,302,Bryce McGowens,SG,20,CHO,17,0,11.5,1.1,2.8,.396,0.4,0.9,.375,0.8,1.9,.406,.458,0.7,0.8,.857,0.2,0.9,1.1,0.8,0.2,0.2,0.4,0.4,3.3,2023
320,303,Rodney McGruder,SG,31,DET,18,2,10.6,1.1,2.9,.365,0.8,2.1,.395,0.2,0.8,.286,.510,0.4,0.6,.727,0.6,0.8,1.4,0.6,0.3,0.0,0.4,0.8,3.4,2023
321,304,Jordan McLaughlin,PG,26,MIN,18,0,15.9,1.6,3.7,.424,0.4,1.9,.235,1.1,1.8,.625,.485,0.5,0.5,1.000,0.4,1.3,1.7,3.6,0.8,0.1,0.8,0.4,4.1,2023
322,305,De'Anthony Melton,PG,24,PHI,39,30,29.7,4.2,10.0,.423,2.4,6.0,.400,1.8,4.0,.458,.544,0.6,0.8,.710,1.0,3.6,4.6,2.9,1.9,0.5,1.5,2.5,11.4,2023
323,306,Chimezie Metu,C,25,SAC,29,0,10.6,2.1,3.4,.600,0.2,0.7,.238,1.9,2.7,.696,.625,0.7,0.8,.826,0.7,2.4,3.1,0.7,0.3,0.2,0.7,1.2,5.0,2023
324,307,Khris Middleton,SF,31,MIL,7,7,24.4,3.6,11.0,.325,1.6,5.9,.268,2.0,5.1,.389,.396,2.4,2.7,.895,0.1,2.4,2.6,4.4,0.6,0.1,1.6,2.6,11.1,2023
325,308,Patty Mills,PG,34,BRK,25,1,12.2,2.0,4.2,.471,1.2,2.9,.417,0.8,1.3,.594,.615,0.6,0.6,.933,0.2,0.8,1.0,1.3,0.3,0.0,0.6,0.5,5.7,2023
326,309,Shake Milton,SG,26,PHI,38,9,23.9,4.1,7.9,.510,0.9,2.3,.375,3.2,5.6,.565,.565,1.4,1.7,.833,0.5,2.5,3.0,3.4,0.3,0.2,1.5,1.8,10.4,2023
327,310,Josh Minott,SF,20,MIN,7,0,2.3,0.4,0.7,.600,0.0,0.1,.000,0.4,0.6,.750,.600,0.6,0.6,1.000,0.3,0.4,0.7,0.3,0.1,0.3,0.0,0.3,1.4,2023
328,311,Davion Mitchell,PG,24,SAC,40,3,19.1,2.4,5.3,.451,0.8,2.4,.320,1.6,2.9,.560,.523,0.3,0.4,.706,0.2,1.3,1.5,2.3,0.6,0.3,1.0,1.5,5.9,2023
329,312,Donovan Mitchell,SG,26,CLE,39,39,36.5,9.9,20.4,.486,3.8,9.5,.396,6.2,10.9,.563,.578,5.2,6.0,.868,0.9,3.0,3.9,4.9,1.5,0.3,2.9,2.5,28.8,2023
330,313,Evan Mobley,PF,21,CLE,42,42,33.8,5.8,10.5,.550,0.2,1.1,.196,5.6,9.4,.591,.560,2.6,3.7,.692,2.4,6.4,8.8,2.7,0.8,1.3,2.0,2.8,14.4,2023
331,314,Isaiah Mobley,PF,23,CLE,8,0,3.3,0.5,1.0,.500,0.1,0.3,.500,0.4,0.8,.500,.563,0.0,0.0,,0.1,1.3,1.4,0.0,0.1,0.0,0.0,0.3,1.1,2023
332,315,Chima Moneke,SF,27,SAC,2,0,4.0,0.5,1.0,.500,0.0,0.0,,0.5,1.0,.500,.500,0.0,1.0,.000,1.0,0.0,1.0,0.5,0.0,0.0,1.0,1.0,1.0,2023
333,316,Malik Monk,SG,24,SAC,40,0,22.8,4.9,11.1,.439,1.8,5.6,.327,3.1,5.5,.552,.521,2.5,2.7,.907,0.5,1.9,2.4,3.9,0.6,0.2,1.9,1.6,14.0,2023
334,317,Moses Moody,SG,20,GSW,36,3,15.3,1.9,4.2,.453,0.9,2.6,.366,0.9,1.6,.596,.567,0.7,1.0,.703,0.4,1.3,1.7,0.9,0.4,0.1,0.7,0.9,5.4,2023
335,318,Wendell Moore Jr.,SG,21,MIN,17,2,5.8,0.8,1.7,.448,0.1,0.7,.167,0.6,1.0,.647,.483,0.2,0.3,.800,0.1,0.6,0.8,0.5,0.3,0.2,0.4,0.6,1.9,2023
336,319,Ja Morant,PG,23,MEM,35,35,32.2,9.7,20.8,.466,1.6,5.2,.313,8.1,15.6,.517,.505,6.4,8.5,.751,1.2,4.7,5.8,7.9,1.0,0.3,3.6,1.7,27.4,2023
337,320,Marcus Morris,PF,33,LAC,41,41,29.5,5.0,11.2,.441,2.1,5.5,.382,2.9,5.7,.498,.535,1.3,1.6,.803,0.5,4.2,4.8,1.7,0.7,0.5,1.0,2.3,13.3,2023
338,Rk,Player,Pos,Age,Tm,G,GS,MP,FG,FGA,FG%,3P,3PA,3P%,2P,2PA,2P%,eFG%,FT,FTA,FT%,ORB,DRB,TRB,AST,STL,BLK,TOV,PF,PTS,2023
339,321,Markieff Morris,PF,33,BRK,19,1,11.4,1.4,3.2,.443,1.0,2.1,.487,0.4,1.2,.364,.598,0.3,0.3,1.000,0.5,1.8,2.3,1.0,0.3,0.2,0.6,1.2,4.2,2023
340,322,Monte Morris,PG,27,WAS,37,37,28.5,3.9,8.4,.466,1.2,3.3,.374,2.6,5.0,.527,.540,1.0,1.3,.776,0.4,2.9,3.3,5.3,0.7,0.2,1.0,1.4,10.1,2023
341,323,Trey Murphy III,SF,22,NOP,40,30,28.6,4.3,8.9,.482,2.2,5.5,.400,2.1,3.4,.615,.606,1.9,2.0,.925,0.9,3.0,3.9,1.3,1.0,0.5,0.8,2.2,12.6,2023
342,324,Dejounte Murray,SG,26,ATL,38,38,36.5,8.0,18.1,.445,1.9,5.4,.345,6.2,12.6,.488,.496,2.3,2.7,.843,0.7,4.8,5.5,6.1,1.7,0.3,2.4,1.5,20.2,2023
343,325,Jamal Murray,PG,25,DEN,35,35,31.8,6.8,15.2,.449,2.1,5.5,.389,4.7,9.7,.484,.520,2.8,3.5,.803,0.7,3.3,4.0,5.3,0.9,0.2,2.1,1.3,18.6,2023
344,326,Keegan Murray,SF,22,SAC,39,37,28.6,4.2,9.8,.433,2.4,5.8,.404,1.9,3.9,.477,.554,0.9,1.2,.783,0.9,2.8,3.8,0.9,0.8,0.6,1.0,2.2,11.7,2023
345,327,Mike Muscala,C,31,OKC,33,3,14.5,2.0,4.6,.428,1.2,3.2,.374,0.8,1.4,.556,.559,0.7,0.9,.800,0.5,2.6,3.1,0.9,0.3,0.5,0.4,1.8,5.9,2023
346,328,Svi Mykhailiuk,SF,25,NYK,12,0,3.3,0.5,1.0,.500,0.5,0.8,.600,0.0,0.2,.000,.750,0.3,0.4,.600,0.0,0.6,0.6,0.1,0.1,0.0,0.2,0.1,1.8,2023
347,329,Larry Nance Jr.,PF,30,NOP,33,0,22.6,3.4,5.5,.617,0.3,0.8,.385,3.1,4.7,.656,.644,0.8,1.2,.692,1.7,4.0,5.7,1.8,0.9,0.8,0.8,2.3,7.8,2023
348,330,Andrew Nembhard,SG,23,IND,39,30,27.4,3.3,7.4,.446,1.3,3.5,.385,1.9,3.9,.500,.537,0.5,0.6,.909,0.5,2.6,3.1,3.8,1.0,0.2,1.6,2.8,8.4,2023
349,331,Aaron Nesmith,SF,23,IND,37,25,23.4,3.3,7.8,.426,1.4,4.1,.342,1.9,3.7,.518,.516,1.5,1.7,.891,0.8,3.1,3.9,1.3,0.8,0.5,0.9,3.2,9.6,2023
350,332,Raul Neto,PG,30,CLE,28,0,10.5,1.2,2.3,.524,0.3,1.0,.333,0.9,1.3,.667,.595,0.5,0.6,.875,0.2,0.7,0.9,1.4,0.4,0.0,0.3,0.9,3.2,2023
351,333,Georges Niang,PF,29,PHI,40,0,19.8,3.2,7.1,.444,2.3,5.6,.410,0.9,1.6,.565,.604,0.6,0.7,.926,0.3,2.1,2.3,1.0,0.4,0.2,0.8,2.1,9.2,2023
352,334,Daishen Nix,PG,20,HOU,34,0,13.4,1.1,3.1,.362,0.7,2.1,.338,0.4,1.0,.412,.476,0.5,0.7,.696,0.3,1.2,1.5,2.4,0.7,0.1,1.3,0.8,3.4,2023
353,335,Zeke Nnaji,PF,22,DEN,32,2,11.6,1.9,3.1,.600,0.1,0.7,.182,1.8,2.4,.718,.620,0.7,0.9,.767,1.1,0.7,1.8,0.2,0.2,0.3,0.5,1.7,4.6,2023
354,336,Nerlens Noel,C,28,DET,12,3,11.8,1.0,2.3,.444,0.1,0.2,.500,0.9,2.1,.440,.463,0.3,0.5,.667,0.6,2.3,2.8,0.6,1.1,0.8,0.5,1.8,2.4,2023
355,337,Jaylen Nowell,SG,23,MIN,44,1,20.2,4.5,10.3,.438,1.1,3.8,.280,3.4,6.5,.532,.490,1.3,1.6,.775,0.6,2.1,2.8,2.2,0.7,0.1,1.0,1.6,11.3,2023
356,338,Frank Ntilikina,PG,24,DAL,25,1,13.2,1.1,2.9,.375,0.4,1.7,.238,0.7,1.2,.567,.444,0.4,0.6,.667,0.1,1.4,1.5,1.0,0.3,0.1,0.7,1.4,3.0,2023
357,339,Kendrick Nunn,SG,27,LAL,34,2,12.6,2.4,6.3,.385,1.0,3.1,.317,1.4,3.2,.450,.462,0.5,0.6,.842,0.1,1.0,1.1,0.9,0.3,0.0,0.9,0.8,6.3,2023
358,340,Jusuf Nurkić,C,28,POR,37,37,28.8,5.5,10.3,.533,0.8,2.1,.397,4.6,8.2,.568,.573,2.8,4.1,.673,2.5,7.6,10.2,2.9,0.9,1.0,2.6,3.7,14.6,2023
359,Rk,Player,Pos,Age,Tm,G,GS,MP,FG,FGA,FG%,3P,3PA,3P%,2P,2PA,2P%,eFG%,FT,FTA,FT%,ORB,DRB,TRB,AST,STL,BLK,TOV,PF,PTS,2023
360,341,Jordan Nwora,SF,24,MIL,30,3,16.3,2.1,5.5,.384,1.1,2.8,.388,1.0,2.6,.380,.485,1.0,1.2,.857,0.7,2.4,3.1,1.0,0.3,0.1,1.0,0.8,6.3,2023
361,342,Royce O'Neale,SF,29,BRK,38,38,35.2,3.3,8.2,.402,2.3,5.6,.410,1.0,2.6,.384,.542,0.5,0.8,.690,0.7,4.2,4.9,4.1,0.9,0.8,1.6,3.1,9.4,2023
362,343,Chuma Okeke,SF,24,ORL,18,7,21.8,1.8,4.8,.368,1.0,3.3,.300,0.8,1.5,.519,.471,0.9,1.2,.762,1.2,3.1,4.2,1.4,0.6,0.5,0.5,1.9,5.4,2023
363,344,Josh Okogie,SG,24,PHO,38,1,12.6,1.6,3.8,.407,0.4,1.6,.254,1.2,2.3,.512,.459,1.2,1.6,.721,1.4,1.6,3.0,1.1,0.6,0.4,0.8,1.4,4.7,2023
364,345,Onyeka Okongwu,C,22,ATL,42,15,24.8,3.9,6.3,.615,0.0,0.1,.000,3.9,6.2,.622,.615,1.5,2.1,.730,2.8,4.9,7.7,1.0,0.7,1.2,1.0,3.2,9.3,2023
365,346,Isaac Okoro,SF,22,CLE,44,14,19.1,1.9,4.2,.457,0.6,1.9,.306,1.3,2.3,.586,.527,1.0,1.3,.768,0.6,1.9,2.5,0.8,0.7,0.4,0.6,1.9,5.4,2023
366,347,KZ Okpala,PF,23,SAC,29,3,8.0,0.6,1.2,.471,0.2,0.6,.389,0.3,0.6,.563,.574,0.2,0.2,1.000,0.2,0.9,1.1,0.4,0.2,0.2,0.2,1.3,1.6,2023
367,348,Victor Oladipo,SG,30,MIA,18,1,28.6,4.1,10.1,.409,1.7,5.1,.330,2.4,5.0,.489,.492,2.2,2.7,.796,0.5,2.8,3.3,3.7,1.8,0.2,1.9,2.6,12.1,2023
368,349,Kelly Olynyk,C,31,UTA,39,39,28.5,4.0,8.0,.503,1.5,3.5,.413,2.6,4.5,.575,.595,2.6,3.2,.831,1.1,3.8,5.0,3.3,1.1,0.6,2.3,4.0,12.2,2023
369,350,Eugene Omoruyi,SF,25,OKC,20,2,12.4,2.1,4.3,.482,0.4,1.5,.276,1.7,2.8,.589,.529,0.7,1.1,.619,1.0,1.4,2.3,0.6,0.7,0.0,0.7,2.1,5.2,2023
370,351,Cedi Osman,SF,27,CLE,42,0,22.6,3.5,7.4,.465,1.4,4.1,.339,2.1,3.4,.617,.558,1.0,1.6,.657,0.3,2.1,2.4,1.5,0.5,0.1,0.9,1.8,9.3,2023
371,352,Kelly Oubre Jr.,SF,27,CHO,35,30,32.6,7.5,17.8,.421,2.3,7.4,.308,5.2,10.4,.503,.486,2.9,4.0,.714,1.5,3.6,5.1,1.2,1.6,0.4,1.3,3.0,20.2,2023
372,353,Chris Paul,PG,37,PHO,26,26,31.1,4.4,10.3,.425,1.7,4.2,.398,2.7,6.2,.444,.506,2.7,3.3,.802,0.5,3.7,4.2,8.3,1.5,0.3,2.0,2.4,13.1,2023
373,354,Cameron Payne,PG,28,PHO,28,14,24.0,4.5,11.0,.412,1.7,4.5,.378,2.8,6.5,.436,.490,1.4,1.8,.776,0.3,2.0,2.3,5.3,0.9,0.2,2.0,2.0,12.1,2023
374,355,Gary Payton II,PG,30,POR,4,0,16.3,2.0,2.5,.800,0.8,0.8,1.000,1.3,1.8,.714,.950,0.0,0.0,,0.0,2.3,2.3,2.0,1.8,0.0,1.0,2.8,4.8,2023
375,356,Theo Pinson,SG,27,DAL,22,0,4.8,0.5,1.4,.355,0.4,1.0,.364,0.1,0.4,.333,.484,0.4,0.4,.889,0.1,1.0,1.1,0.4,0.1,0.0,0.1,0.2,1.7,2023
376,357,Scotty Pippen Jr.,PG,22,LAL,5,0,5.2,0.6,2.0,.300,0.2,0.6,.333,0.4,1.4,.286,.350,0.8,1.4,.571,0.4,0.4,0.8,0.2,0.4,0.2,0.4,0.6,2.2,2023
377,358,Mason Plumlee,C,32,CHO,44,44,28.2,4.4,6.7,.653,0.0,0.0,,4.4,6.7,.653,.653,2.5,4.2,.600,3.4,6.4,9.8,3.6,0.6,0.7,1.6,3.0,11.3,2023
378,359,Jakob Poeltl,C,27,SAS,34,34,26.4,5.1,8.2,.624,0.0,0.0,,5.1,8.2,.624,.624,1.7,2.9,.592,3.5,6.0,9.5,2.9,0.9,1.2,2.1,2.4,11.9,2023
379,360,Aleksej Pokusevski,PF,21,OKC,31,25,21.8,3.5,7.8,.440,1.2,3.3,.376,2.2,4.6,.486,.519,0.7,1.1,.636,1.5,3.6,5.1,2.0,0.6,1.3,1.3,1.8,8.8,2023
380,Rk,Player,Pos,Age,Tm,G,GS,MP,FG,FGA,FG%,3P,3PA,3P%,2P,2PA,2P%,eFG%,FT,FTA,FT%,ORB,DRB,TRB,AST,STL,BLK,TOV,PF,PTS,2023
381,361,Jordan Poole,PG,23,GSW,42,21,30.2,7.0,16.4,.430,2.5,8.0,.311,4.5,8.4,.544,.506,4.3,5.0,.865,0.4,2.1,2.5,4.5,0.7,0.2,3.5,2.4,20.9,2023
382,362,Kevin Porter Jr.,PG,22,HOU,40,40,34.0,6.7,15.4,.437,2.2,6.4,.346,4.5,9.0,.501,.509,3.5,4.6,.766,1.4,4.1,5.5,5.6,1.3,0.4,3.6,2.7,19.2,2023
383,363,Michael Porter Jr.,SF,24,DEN,28,28,29.0,6.0,12.8,.471,2.7,6.7,.399,3.3,6.0,.550,.576,1.6,2.1,.759,1.0,4.7,5.8,1.3,0.6,0.5,1.2,2.4,16.3,2023
384,364,Otto Porter Jr.,SF,29,TOR,8,2,18.3,1.9,3.8,.500,0.8,2.1,.353,1.1,1.6,.692,.600,1.0,1.0,1.000,0.8,1.6,2.4,1.0,1.4,0.0,0.5,0.9,5.5,2023
385,365,Bobby Portis,PF,27,MIL,43,11,26.4,5.9,11.8,.497,1.1,3.5,.322,4.7,8.3,.570,.544,1.2,1.5,.813,2.6,7.4,10.0,1.8,0.5,0.3,1.2,1.7,14.0,2023
386,366,Kristaps Porziņģis,C,27,WAS,38,38,32.8,7.3,15.5,.471,1.8,5.4,.341,5.4,10.1,.540,.531,5.5,6.8,.811,2.0,6.9,8.9,2.3,1.0,1.5,2.2,2.9,21.9,2023
387,367,Micah Potter,PF,24,UTA,3,0,4.7,0.7,0.7,1.000,0.0,0.0,,0.7,0.7,1.000,1.000,0.0,0.0,,0.3,0.7,1.0,0.7,0.0,0.0,0.0,0.7,1.3,2023
388,368,Dwight Powell,C,31,DAL,39,27,17.6,2.2,3.0,.735,0.0,0.1,.000,2.2,2.9,.748,.735,1.5,2.2,.698,1.8,1.9,3.8,0.6,0.5,0.4,0.8,2.8,5.9,2023
389,369,Norman Powell,SG,29,LAC,34,5,25.3,5.3,11.3,.473,1.7,4.4,.389,3.6,6.9,.526,.548,3.2,4.1,.773,0.3,2.6,2.9,1.7,0.8,0.4,1.7,2.0,15.6,2023
390,370,Jason Preston,PG,23,LAC,7,0,9.1,1.1,3.0,.381,0.6,1.6,.364,0.6,1.4,.400,.476,0.0,0.3,.000,0.1,1.3,1.4,2.0,0.1,0.0,0.6,0.7,2.9,2023
391,371,Joshua Primo,SG,20,SAS,4,0,23.3,2.3,6.5,.346,0.8,3.0,.250,1.5,3.5,.429,.404,1.8,2.3,.778,0.5,2.8,3.3,4.5,0.3,0.5,2.8,2.0,7.0,2023
392,372,Taurean Prince,SF,28,MIN,24,0,20.7,3.2,6.5,.497,1.4,3.3,.413,1.8,3.1,.587,.603,0.9,1.2,.786,0.3,2.0,2.3,1.3,0.3,0.2,1.2,2.6,8.7,2023
393,373,Payton Pritchard,PG,25,BOS,29,1,10.7,1.8,4.3,.411,0.8,2.4,.329,1.0,1.9,.519,.504,0.3,0.4,.667,0.6,0.9,1.4,0.9,0.3,0.0,0.7,0.5,4.6,2023
394,374,Trevelin Queen,SG,25,IND,3,0,9.7,0.3,2.7,.125,0.0,2.0,.000,0.3,0.7,.500,.125,1.0,1.0,1.000,0.7,1.0,1.7,1.0,0.3,0.7,1.0,0.3,1.7,2023
395,375,Neemias Queta,C,23,SAC,4,0,6.3,1.5,2.0,.750,0.0,0.0,,1.5,2.0,.750,.750,0.0,0.5,.000,1.0,1.3,2.3,0.3,0.0,0.3,0.3,1.8,3.0,2023
396,376,Immanuel Quickley,PG,23,NYK,43,8,27.1,4.3,10.2,.419,1.6,4.9,.325,2.7,5.3,.504,.497,2.1,2.5,.844,0.6,3.5,4.1,3.3,0.9,0.1,1.2,2.0,12.3,2023
397,377,Julius Randle,PF,28,NYK,43,43,35.4,8.1,17.7,.455,2.6,7.8,.338,5.4,10.0,.545,.529,5.3,7.2,.747,2.1,8.3,10.4,3.8,0.7,0.4,2.7,3.0,24.1,2023
398,378,Austin Reaves,SG,24,LAL,36,12,28.9,3.4,7.1,.488,1.3,3.5,.360,2.2,3.6,.612,.577,2.6,2.9,.896,0.6,2.4,3.1,2.2,0.6,0.4,1.4,1.7,10.8,2023
399,379,Cam Reddish,SF,23,NYK,20,8,21.9,3.1,6.8,.449,0.9,2.8,.304,2.2,4.0,.550,.511,1.5,1.7,.879,0.4,1.2,1.6,1.0,0.8,0.4,0.8,1.6,8.4,2023
400,380,Davon Reed,SG,27,DEN,28,1,9.1,0.7,2.2,.311,0.5,1.3,.351,0.2,0.9,.250,.418,0.5,0.6,.722,0.3,1.2,1.5,0.6,0.3,0.1,0.5,1.0,2.3,2023
401,Rk,Player,Pos,Age,Tm,G,GS,MP,FG,FGA,FG%,3P,3PA,3P%,2P,2PA,2P%,eFG%,FT,FTA,FT%,ORB,DRB,TRB,AST,STL,BLK,TOV,PF,PTS,2023
402,381,Paul Reed,C,23,PHI,34,0,10.0,1.4,2.5,.560,0.0,0.1,.000,1.4,2.4,.588,.560,0.4,0.5,.778,1.4,2.1,3.4,0.4,0.7,0.6,0.6,2.0,3.2,2023
403,382,Naz Reid,C,23,MIN,36,4,17.8,4.3,7.8,.556,1.0,2.7,.357,3.3,5.0,.663,.618,1.0,1.6,.649,1.1,3.8,4.9,0.9,0.5,0.9,1.2,2.3,10.6,2023
404,383,Jared Rhoden,SG,23,DET,1,0,12.0,1.0,3.0,.333,0.0,1.0,.000,1.0,2.0,.500,.333,0.0,0.0,,0.0,1.0,1.0,0.0,0.0,0.0,0.0,3.0,2.0,2023
405,384,Nick Richards,C,25,CHO,38,0,17.3,3.2,5.1,.625,0.0,0.0,,3.2,5.1,.625,.625,2.0,2.8,.733,2.6,3.2,5.8,0.6,0.2,0.8,0.8,2.3,8.3,2023
406,385,Josh Richardson,SG,29,SAS,33,3,22.9,4.0,9.2,.434,1.7,4.8,.350,2.3,4.4,.528,.526,1.3,1.5,.875,0.6,1.9,2.5,3.3,0.8,0.2,1.5,1.7,11.0,2023
407,386,Austin Rivers,SG,30,MIN,34,10,20.8,1.9,4.2,.465,0.9,2.4,.386,1.0,1.7,.576,.577,0.7,0.9,.862,0.1,1.6,1.6,1.5,0.6,0.1,0.6,1.7,5.6,2023
408,387,Duncan Robinson,SF,28,MIA,28,0,17.9,2.3,6.2,.368,1.6,5.0,.331,0.6,1.3,.514,.500,0.7,0.8,.909,0.3,1.7,1.9,1.2,0.3,0.0,0.7,2.0,6.9,2023
409,388,Mitchell Robinson,C,24,NYK,35,34,26.9,3.2,4.6,.689,0.0,0.0,,3.2,4.6,.689,.689,1.1,2.0,.535,4.3,4.7,9.0,1.0,0.9,1.8,0.5,3.1,7.4,2023
410,389,Orlando Robinson,C,22,MIA,16,1,15.4,2.2,3.9,.565,0.0,0.3,.000,2.2,3.6,.614,.565,0.7,0.9,.786,1.8,2.8,4.6,0.9,0.6,0.4,0.6,1.9,5.1,2023
411,390,Jeremiah Robinson-Earl,PF,22,OKC,26,18,21.1,3.3,6.7,.489,1.1,2.9,.382,2.2,3.8,.571,.572,0.8,1.1,.786,2.0,3.0,5.0,1.0,0.7,0.4,0.6,1.9,8.5,2023
412,391,Isaiah Roby,PF,24,SAS,32,1,10.7,1.5,3.4,.440,0.4,1.5,.298,1.1,1.9,.548,.505,0.4,0.9,.448,0.4,2.0,2.4,1.0,0.4,0.2,0.6,1.1,3.8,2023
413,392,David Roddy,PF,21,MEM,38,1,18.6,2.5,6.0,.412,0.9,3.2,.281,1.6,2.8,.561,.487,0.7,1.1,.581,0.6,2.1,2.7,0.7,0.4,0.3,0.8,1.5,6.5,2023
414,393,Ryan Rollins,PG,20,GSW,12,0,5.2,0.6,1.7,.350,0.3,0.8,.333,0.3,0.9,.364,.425,0.5,0.5,1.000,0.3,0.8,1.0,0.5,0.1,0.1,1.3,0.8,1.9,2023
415,394,Derrick Rose,PG,34,NYK,26,0,12.9,2.3,6.0,.394,0.7,2.3,.317,1.6,3.7,.442,.455,0.4,0.5,.917,0.3,1.2,1.5,1.8,0.3,0.2,0.8,0.7,5.8,2023
416,395,Terrence Ross,SG,31,ORL,39,9,22.4,3.1,7.2,.427,1.4,3.8,.376,1.6,3.4,.485,.527,0.4,0.5,.750,0.3,1.8,2.1,1.3,0.6,0.2,0.9,1.3,8.0,2023
417,396,Terry Rozier,SG,28,CHO,34,34,35.6,7.9,19.1,.413,2.6,7.9,.325,5.4,11.3,.475,.480,2.6,3.1,.841,1.1,3.2,4.2,5.2,0.7,0.2,2.5,1.9,21.0,2023
418,397,Ricky Rubio,PG,32,CLE,2,0,11.5,2.0,4.5,.444,1.5,3.5,.429,0.5,1.0,.500,.611,0.5,1.0,.500,0.0,2.5,2.5,1.5,0.0,0.0,0.0,1.0,6.0,2023
419,398,D'Angelo Russell,PG,26,MIN,41,41,32.5,6.0,13.1,.459,2.3,6.3,.362,3.7,6.7,.551,.547,2.7,3.1,.853,0.5,2.6,3.1,6.2,1.1,0.4,2.7,2.3,17.0,2023
420,399,Matt Ryan,SF,25,TOT,24,0,9.3,1.1,3.3,.338,0.9,2.5,.373,0.2,0.9,.238,.475,0.3,0.4,.889,0.2,0.7,0.9,0.3,0.2,0.0,0.3,0.8,3.5,2023
421,399,Matt Ryan,SF,25,LAL,12,0,10.8,1.3,4.1,.306,1.1,2.9,.371,0.2,1.2,.143,.439,0.3,0.4,.800,0.2,1.0,1.2,0.3,0.2,0.0,0.3,1.2,3.9,2023
422,399,Matt Ryan,SF,25,MIN,12,0,7.8,1.0,2.6,.387,0.8,2.0,.375,0.3,0.6,.429,.532,0.3,0.3,1.000,0.2,0.4,0.6,0.3,0.2,0.1,0.3,0.3,3.1,2023
423,400,Domantas Sabonis,C,26,SAC,40,40,34.3,7.0,11.4,.613,0.5,1.2,.388,6.5,10.2,.640,.634,4.5,6.0,.745,3.0,9.5,12.5,7.1,0.8,0.5,2.6,3.6,18.9,2023
424,Rk,Player,Pos,Age,Tm,G,GS,MP,FG,FGA,FG%,3P,3PA,3P%,2P,2PA,2P%,eFG%,FT,FTA,FT%,ORB,DRB,TRB,AST,STL,BLK,TOV,PF,PTS,2023
425,401,Dario Šarić,PF,28,PHO,25,8,13.2,1.7,4.2,.406,0.7,1.8,.370,1.0,2.4,.433,.486,0.6,0.7,.882,0.8,2.2,3.0,1.3,0.4,0.1,0.9,1.5,4.7,2023
426,402,Jordan Schakel,SF,24,WAS,2,0,3.0,0.5,1.0,.500,0.5,0.5,1.000,0.0,0.5,.000,.750,0.0,0.0,,0.0,0.0,0.0,0.5,0.5,0.0,0.0,0.5,1.5,2023
427,403,Admiral Schofield,PF,25,ORL,25,0,13.3,1.8,3.7,.478,0.7,2.2,.333,1.0,1.5,.684,.576,0.7,0.8,.895,0.8,1.3,2.1,0.9,0.2,0.1,0.2,2.0,4.9,2023
428,404,Dennis Schröder,PG,29,LAL,28,25,29.5,4.1,9.4,.437,1.3,3.6,.363,2.8,5.8,.484,.508,2.9,3.3,.901,0.2,2.1,2.3,3.8,0.6,0.0,1.7,2.1,12.5,2023
429,405,Dereon Seabron,SG,22,NOP,4,0,2.0,0.5,1.0,.500,0.0,0.0,,0.5,1.0,.500,.500,0.0,0.0,,0.3,0.0,0.3,0.0,0.0,0.0,0.0,0.3,1.0,2023
430,406,Alperen Şengün,C,20,HOU,38,35,26.7,5.6,10.2,.552,0.1,0.7,.200,5.5,9.6,.576,.558,3.1,3.9,.773,3.3,5.3,8.6,2.9,0.8,0.9,2.2,3.4,14.4,2023
431,407,Collin Sexton,SG,24,UTA,33,10,24.1,4.8,9.9,.491,1.0,2.6,.395,3.8,7.3,.525,.543,3.5,4.2,.835,0.9,1.4,2.2,2.9,0.6,0.1,1.7,2.3,14.2,2023
432,408,Landry Shamet,SG,25,PHO,29,6,21.3,3.1,8.0,.386,2.1,5.4,.385,1.0,2.7,.390,.515,1.3,1.4,.902,0.3,1.3,1.6,2.1,0.6,0.2,1.0,1.5,9.6,2023
433,409,Day'Ron Sharpe,C,21,BRK,20,1,8.9,1.5,2.9,.526,0.2,0.3,.800,1.3,2.6,.500,.561,0.7,1.0,.684,1.3,1.9,3.2,0.7,0.2,0.5,0.8,1.7,3.9,2023
434,410,Shaedon Sharpe,SG,19,POR,41,5,19.7,3.1,6.6,.469,0.9,2.5,.346,2.2,4.1,.545,.535,0.5,0.9,.611,0.8,1.7,2.5,0.5,0.4,0.1,0.7,1.6,7.6,2023
435,411,Pascal Siakam,C,28,TOR,33,33,37.2,8.8,18.5,.478,1.4,4.1,.343,7.5,14.5,.516,.516,6.6,8.5,.779,1.9,6.3,8.2,6.4,0.8,0.5,2.6,3.3,25.7,2023
436,412,Ben Simmons,PG,26,BRK,31,26,27.2,3.4,5.9,.582,0.0,0.0,.000,3.4,5.8,.586,.582,0.6,1.5,.413,1.0,5.7,6.7,6.2,1.5,0.5,2.1,3.5,7.5,2023
437,413,Marko Simonovic,C,23,CHI,1,0,2.0,0.0,1.0,.000,0.0,1.0,.000,0.0,0.0,,.000,0.0,0.0,,0.0,0.0,0.0,0.0,0.0,0.0,0.0,0.0,0.0,2023
438,414,Anfernee Simons,SG,23,POR,40,40,35.9,7.8,17.6,.442,3.7,9.8,.377,4.1,7.7,.524,.547,2.8,3.1,.902,0.3,2.6,2.9,4.1,0.8,0.3,2.2,2.5,22.0,2023
439,415,Jericho Sims,C,24,NYK,32,2,12.3,1.7,2.1,.779,0.0,0.0,,1.7,2.1,.779,.779,0.3,0.3,.800,1.8,2.4,4.2,0.3,0.2,0.6,0.4,1.6,3.6,2023
440,416,Marcus Smart,PG,28,BOS,38,38,32.8,4.0,9.6,.418,1.8,5.5,.330,2.2,4.1,.535,.512,1.4,1.8,.783,0.7,2.7,3.4,7.4,1.3,0.4,2.3,2.7,11.2,2023
441,417,Dennis Smith Jr.,PG,25,CHO,22,11,25.6,3.5,8.0,.432,0.5,1.8,.282,3.0,6.2,.474,.463,0.6,1.0,.636,0.5,2.4,2.9,5.0,1.6,0.5,1.5,2.3,8.0,2023
442,418,Dru Smith,SG,25,MIA,5,1,13.4,1.0,2.8,.357,0.2,1.2,.167,0.8,1.6,.500,.393,0.0,0.0,,0.2,1.6,1.8,1.0,0.8,0.6,0.2,2.0,2.2,2023
443,419,Ish Smith,PG,34,DEN,20,0,8.2,1.1,2.7,.396,0.1,0.3,.333,1.0,2.4,.404,.415,0.1,0.1,.500,0.1,0.8,0.8,1.7,0.3,0.3,0.9,0.6,2.3,2023
444,420,Jabari Smith Jr.,PF,19,HOU,41,41,29.9,4.3,10.9,.391,1.8,5.7,.316,2.5,5.2,.472,.473,1.8,2.1,.818,1.3,5.8,7.1,0.9,0.6,1.0,1.3,3.1,12.1,2023
445,Rk,Player,Pos,Age,Tm,G,GS,MP,FG,FGA,FG%,3P,3PA,3P%,2P,2PA,2P%,eFG%,FT,FTA,FT%,ORB,DRB,TRB,AST,STL,BLK,TOV,PF,PTS,2023
446,421,Jalen Smith,PF,22,IND,42,28,20.1,3.7,8.0,.462,0.9,3.3,.275,2.8,4.8,.590,.518,1.7,2.2,.772,1.9,4.2,6.1,1.1,0.4,0.9,1.2,2.3,10.0,2023
447,422,Jeremy Sochan,PF,19,SAS,37,34,25.5,3.6,8.1,.448,0.4,2.0,.200,3.2,6.1,.531,.473,1.0,1.6,.610,1.5,3.2,4.8,2.4,0.8,0.5,1.8,2.7,8.6,2023
448,423,Jaden Springer,SG,20,PHI,6,0,4.0,1.2,1.8,.636,0.0,0.0,,1.2,1.8,.636,.636,0.5,0.7,.750,0.7,0.5,1.2,0.2,0.2,0.3,0.2,1.0,2.8,2023
449,424,Lamar Stevens,PF,25,CLE,28,18,20.8,2.4,5.5,.431,0.5,1.8,.300,1.8,3.7,.495,.480,0.8,1.1,.719,0.7,2.8,3.5,0.7,0.4,0.5,0.6,1.3,6.1,2023
450,425,Isaiah Stewart,C,21,DET,36,36,28.5,4.1,8.9,.457,1.4,4.2,.342,2.6,4.7,.559,.537,2.2,3.0,.741,2.2,5.8,7.9,1.2,0.4,0.7,1.5,2.6,11.8,2023
451,426,Max Strus,SF,26,MIA,42,24,31.2,4.7,11.6,.402,2.7,8.0,.338,2.0,3.6,.542,.518,1.1,1.3,.868,0.6,3.1,3.7,2.1,0.8,0.2,1.0,2.0,13.1,2023
452,427,Jalen Suggs,PG,21,ORL,19,13,25.0,3.8,9.4,.408,1.2,4.3,.268,2.7,5.1,.526,.469,1.7,2.4,.696,1.0,2.1,3.1,4.4,1.3,0.6,2.6,2.6,10.5,2023
453,428,Edmond Sumner,SG,27,BRK,34,9,14.0,2.3,5.0,.456,0.5,1.7,.281,1.8,3.3,.545,.503,1.6,1.7,.931,0.3,1.1,1.4,1.4,0.8,0.2,0.9,1.5,6.6,2023
454,429,Cole Swider,SF,23,LAL,4,0,8.0,0.8,2.0,.375,0.8,1.8,.429,0.0,0.3,.000,.563,0.0,0.0,,0.0,1.5,1.5,1.0,0.0,0.0,0.0,0.8,2.3,2023
455,430,Jae'Sean Tate,SF,27,HOU,7,2,20.4,2.7,6.4,.422,0.6,1.9,.308,2.1,4.6,.469,.467,0.7,0.9,.833,1.7,1.9,3.6,3.4,1.3,0.1,1.4,3.4,6.7,2023
456,431,Jayson Tatum,PF,24,BOS,42,42,36.7,10.1,21.6,.467,3.2,9.3,.345,6.9,12.3,.559,.541,7.3,8.4,.862,1.1,7.1,8.2,4.3,1.0,0.8,2.6,2.1,30.6,2023
457,432,Terry Taylor,SG,23,IND,20,2,7.8,0.9,2.1,.415,0.2,0.7,.231,0.7,1.4,.500,.451,0.2,0.3,.800,0.7,0.8,1.4,0.4,0.1,0.2,0.3,0.8,2.1,2023
458,433,Garrett Temple,SG,36,NOP,14,0,7.8,0.9,2.1,.433,0.6,1.4,.421,0.4,0.8,.455,.567,0.2,0.3,.750,0.1,0.6,0.7,0.5,0.6,0.1,0.2,0.8,2.6,2023
459,434,Dalen Terry,SG,20,CHI,15,0,3.5,0.3,0.9,.308,0.1,0.3,.250,0.2,0.6,.333,.346,0.2,0.3,.750,0.0,0.3,0.3,0.5,0.1,0.1,0.3,0.3,0.8,2023
460,435,Cam Thomas,SG,21,BRK,27,0,13.6,2.1,5.1,.413,0.4,1.1,.387,1.7,4.0,.421,.457,1.7,2.2,.783,0.1,1.2,1.3,1.4,0.3,0.1,0.7,0.9,6.4,2023
461,436,Klay Thompson,SG,32,GSW,33,33,31.9,7.5,17.9,.420,4.0,10.2,.388,3.5,7.7,.462,.530,1.7,1.9,.889,0.7,3.2,3.9,2.5,0.6,0.5,1.7,2.1,20.7,2023
462,437,JT Thor,PF,20,CHO,31,0,10.6,1.0,2.6,.383,0.4,1.5,.283,0.6,1.1,.514,.463,0.4,0.6,.722,0.5,1.3,1.7,0.4,0.2,0.3,0.5,0.7,2.8,2023
463,438,Matisse Thybulle,SG,25,PHI,38,6,12.2,1.0,2.4,.411,0.4,1.4,.308,0.6,1.0,.553,.500,0.1,0.2,.500,0.3,0.9,1.2,0.5,0.8,0.3,0.2,1.3,2.4,2023
464,439,Xavier Tillman Sr.,PF,24,MEM,26,1,11.5,2.0,3.3,.593,0.1,0.4,.300,1.8,2.9,.632,.610,0.6,1.2,.500,1.4,1.7,3.0,0.6,0.5,0.3,0.4,1.0,4.7,2023
465,440,Isaiah Todd,PF,21,WAS,4,0,3.3,0.3,1.0,.250,0.0,0.8,.000,0.3,0.3,1.000,.250,0.0,0.0,,0.0,0.0,0.0,0.0,0.0,0.0,0.0,0.0,0.5,2023
466,Rk,Player,Pos,Age,Tm,G,GS,MP,FG,FGA,FG%,3P,3PA,3P%,2P,2PA,2P%,eFG%,FT,FTA,FT%,ORB,DRB,TRB,AST,STL,BLK,TOV,PF,PTS,2023
467,441,Obi Toppin,PF,24,NYK,28,0,16.4,2.6,6.4,.413,1.3,3.7,.346,1.4,2.7,.507,.514,0.6,0.7,.842,0.5,2.9,3.4,1.0,0.4,0.2,0.7,1.1,7.1,2023
468,442,Juan Toscano-Anderson,SF,29,LAL,22,6,12.8,1.0,2.2,.469,0.1,0.7,.188,0.9,1.5,.606,.500,0.4,0.5,.727,0.4,1.8,2.2,0.8,0.4,0.3,0.6,1.7,2.6,2023
469,443,Karl-Anthony Towns,PF,27,MIN,21,21,33.8,7.3,14.4,.505,1.8,5.6,.325,5.5,8.9,.618,.568,4.4,5.0,.885,1.7,6.5,8.2,5.3,0.8,0.7,3.1,3.9,20.8,2023
470,444,Gary Trent Jr.,SG,24,TOR,36,26,32.1,6.2,14.3,.436,2.5,7.0,.356,3.7,7.3,.513,.523,3.3,3.9,.831,0.5,1.8,2.3,1.5,1.7,0.2,1.0,1.7,18.2,2023
471,445,P.J. Tucker,PF,37,PHI,40,40,27.1,1.2,3.0,.403,0.7,1.7,.377,0.6,1.3,.440,.513,0.3,0.4,.857,1.3,3.0,4.3,0.9,0.6,0.3,0.8,2.5,3.4,2023
472,446,Myles Turner,C,26,IND,35,35,29.8,6.1,11.0,.552,1.4,3.8,.379,4.7,7.3,.642,.617,3.4,4.4,.784,1.4,6.5,7.9,1.5,0.6,2.3,1.7,3.3,17.0,2023
473,447,Jonas Valančiūnas,C,30,NOP,43,43,24.9,5.6,10.6,.533,0.6,1.8,.351,5.0,8.8,.570,.563,2.6,3.1,.843,2.8,6.8,9.7,1.8,0.3,0.5,2.0,3.0,14.5,2023
474,448,Jarred Vanderbilt,PF,23,UTA,44,40,24.7,3.4,6.1,.566,0.3,1.0,.326,3.1,5.0,.615,.594,1.2,1.8,.679,2.5,5.6,8.1,2.8,1.1,0.3,1.5,2.6,8.4,2023
475,449,Fred VanVleet,PG,28,TOR,35,35,36.5,5.7,15.2,.373,2.7,8.4,.325,2.9,6.8,.433,.463,3.6,4.1,.882,0.5,3.8,4.3,6.3,1.5,0.5,1.7,2.8,17.7,2023
476,450,Devin Vassell,SG,22,SAS,29,24,31.3,7.1,16.0,.445,2.8,7.0,.404,4.3,9.0,.477,.533,2.4,3.0,.793,0.2,3.8,4.0,3.6,1.2,0.4,1.6,1.4,19.4,2023
477,451,Gabe Vincent,PG,26,MIA,30,4,25.4,3.4,8.2,.417,1.6,4.9,.322,1.9,3.4,.554,.512,1.0,1.2,.857,0.4,1.8,2.2,2.8,0.9,0.1,1.5,2.4,9.4,2023
478,452,Noah Vonleh,C,27,BOS,23,1,7.4,0.5,1.0,.458,0.0,0.2,.250,0.4,0.9,.500,.479,0.1,0.1,1.000,0.8,1.3,2.1,0.3,0.1,0.3,0.5,1.5,1.1,2023
479,453,Nikola Vučević,C,32,CHI,43,43,33.5,6.8,13.0,.521,1.7,4.4,.377,5.1,8.6,.595,.585,1.7,2.0,.830,2.0,8.8,10.9,3.1,0.6,0.9,1.8,2.1,16.9,2023
480,454,Dean Wade,PF,26,CLE,17,9,24.1,2.2,4.9,.452,1.4,3.3,.411,0.9,1.6,.536,.589,0.5,0.8,.692,0.6,3.5,4.1,1.0,0.7,0.4,0.4,2.5,6.4,2023
481,455,Franz Wagner,SF,21,ORL,42,42,33.4,7.4,15.1,.491,1.7,4.6,.361,5.7,10.5,.548,.546,3.8,4.5,.852,0.9,3.0,3.9,3.4,0.9,0.2,2.1,2.3,20.3,2023
482,456,Moritz Wagner,C,25,ORL,22,14,24.0,4.0,8.1,.497,1.2,3.5,.342,2.9,4.7,.612,.570,2.6,3.1,.853,1.8,4.4,6.2,2.0,0.9,0.2,1.6,3.1,11.9,2023
483,457,Ish Wainright,SF,28,PHO,27,1,14.5,1.3,3.3,.400,0.9,2.4,.385,0.4,0.9,.440,.539,0.2,0.3,.667,1.0,1.0,2.0,1.0,0.7,0.2,0.5,2.0,3.8,2023
484,458,Jabari Walker,SF,20,POR,26,0,9.0,0.8,2.0,.415,0.1,0.5,.231,0.7,1.5,.475,.443,0.4,0.6,.688,1.0,1.5,2.5,0.6,0.1,0.2,0.4,1.2,2.2,2023
485,459,Kemba Walker,PG,32,DAL,9,1,16.0,2.7,6.3,.421,0.8,3.1,.250,1.9,3.2,.586,.482,1.9,2.3,.810,0.3,1.4,1.8,2.1,0.2,0.2,0.4,1.2,8.0,2023
486,460,Lonnie Walker IV,SG,24,LAL,32,32,29.8,5.3,11.7,.455,2.1,5.4,.384,3.3,6.3,.515,.543,2.0,2.3,.875,0.3,2.0,2.3,1.4,0.8,0.3,1.0,1.7,14.7,2023
487,Rk,Player,Pos,Age,Tm,G,GS,MP,FG,FGA,FG%,3P,3PA,3P%,2P,2PA,2P%,eFG%,FT,FTA,FT%,ORB,DRB,TRB,AST,STL,BLK,TOV,PF,PTS,2023
488,461,John Wall,PG,32,LAC,34,3,22.2,4.1,9.9,.408,1.0,3.2,.303,3.1,6.7,.459,.457,2.3,3.3,.681,0.4,2.3,2.7,5.2,0.8,0.4,2.4,1.7,11.4,2023
489,462,T.J. Warren,PF,29,BRK,17,0,20.4,4.4,8.3,.532,0.7,2.0,.353,3.7,6.3,.589,.574,0.9,1.1,.889,0.6,2.4,3.1,1.4,0.8,0.4,0.7,1.6,10.5,2023
490,463,Duane Washington Jr.,SG,22,PHO,27,3,13.3,3.2,8.6,.375,1.3,3.7,.350,1.9,4.9,.394,.450,0.6,0.9,.667,0.0,1.1,1.1,2.0,0.2,0.1,1.2,0.7,8.3,2023
491,464,P.J. Washington,PF,24,CHO,43,43,32.2,5.7,13.0,.437,2.0,5.7,.359,3.6,7.3,.498,.516,1.7,2.2,.798,1.1,3.5,4.6,2.3,0.8,1.1,1.5,2.7,15.1,2023
492,465,TyTy Washington Jr.,PG,21,HOU,12,0,10.7,1.3,3.8,.348,0.3,1.8,.143,1.1,2.1,.520,.380,0.3,0.5,.500,0.1,1.3,1.3,1.3,0.4,0.0,0.3,1.2,3.2,2023
493,466,Yuta Watanabe,SF,28,BRK,28,0,18.4,2.6,4.8,.552,1.4,2.8,.519,1.2,2.0,.596,.701,0.5,0.8,.714,0.6,2.1,2.7,0.9,0.5,0.4,0.5,1.5,7.3,2023
494,467,Lindy Waters III,SG,25,OKC,17,0,11.6,1.4,3.6,.393,1.3,3.4,.386,0.1,0.2,.500,.574,0.3,0.4,.714,0.4,1.4,1.8,0.8,0.4,0.3,0.3,0.9,4.4,2023
495,468,Trendon Watford,PF,22,POR,29,2,16.2,1.8,3.3,.547,0.3,0.8,.348,1.5,2.5,.611,.589,1.2,1.6,.783,0.7,3.0,3.7,1.6,0.4,0.1,1.0,1.8,5.1,2023
496,469,Peyton Watson,SG,20,DEN,6,0,2.5,0.5,1.5,.333,0.0,0.2,.000,0.5,1.3,.375,.333,0.0,0.0,,0.3,0.2,0.5,0.0,0.0,0.0,0.0,0.2,1.0,2023
497,470,Blake Wesley,SG,19,SAS,3,0,10.0,2.3,3.7,.636,0.7,1.0,.667,1.7,2.7,.625,.727,0.7,1.3,.500,0.3,0.7,1.0,1.3,0.0,0.0,1.3,1.3,6.0,2023
498,471,Russell Westbrook,PG,34,LAL,39,3,28.5,5.7,13.7,.415,1.2,4.0,.293,4.5,9.7,.466,.458,2.8,4.2,.671,1.1,5.3,6.4,7.8,1.0,0.5,3.6,2.4,15.4,2023
499,472,Coby White,SG,22,CHI,35,0,21.1,2.9,6.9,.415,1.6,4.5,.358,1.2,2.3,.524,.533,0.8,1.1,.784,0.2,2.5,2.6,1.9,0.7,0.1,0.8,1.7,8.2,2023
500,473,Derrick White,SG,28,BOS,44,37,26.1,3.4,7.5,.450,1.5,4.0,.376,1.8,3.4,.536,.552,1.6,1.9,.855,0.6,2.5,3.1,3.3,0.8,0.9,1.0,2.3,9.9,2023
501,474,Jack White,SF,25,DEN,10,0,3.2,0.3,0.9,.333,0.1,0.3,.333,0.2,0.6,.333,.389,0.0,0.0,,0.3,0.4,0.7,0.0,0.1,0.2,0.0,0.5,0.7,2023
502,475,Aaron Wiggins,SG,24,OKC,33,7,18.1,2.4,4.8,.491,0.7,1.7,.393,1.7,3.1,.544,.560,0.9,1.1,.811,1.0,2.4,3.4,1.5,0.5,0.2,0.9,1.6,6.3,2023
503,476,Andrew Wiggins,SF,27,GSW,25,25,31.9,7.2,14.6,.492,2.8,6.7,.423,4.3,7.8,.551,.589,1.2,1.8,.630,1.7,3.4,5.0,2.2,1.5,0.8,1.4,2.9,18.3,2023
504,477,Alondes Williams,SG,23,BRK,1,0,5.0,0.0,0.0,,0.0,0.0,,0.0,0.0,,,0.0,0.0,,0.0,1.0,1.0,0.0,0.0,0.0,2.0,1.0,0.0,2023
505,478,Grant Williams,PF,24,BOS,43,16,27.9,3.1,6.1,.500,1.5,3.7,.403,1.6,2.4,.648,.621,1.3,1.5,.859,1.0,3.7,4.7,1.7,0.7,0.4,0.9,2.4,8.9,2023
506,479,Jalen Williams,SG,21,OKC,39,26,27.9,4.9,9.3,.522,0.8,2.6,.304,4.1,6.7,.607,.565,1.4,1.9,.743,0.7,3.1,3.8,2.8,0.9,0.5,1.6,2.5,11.9,2023
507,480,Jaylin Williams,PF,20,OKC,12,4,12.4,1.4,3.5,.405,0.3,1.1,.308,1.1,2.4,.448,.452,0.5,0.8,.600,0.8,2.9,3.7,1.2,0.4,0.1,0.6,2.3,3.7,2023
508,Rk,Player,Pos,Age,Tm,G,GS,MP,FG,FGA,FG%,3P,3PA,3P%,2P,2PA,2P%,eFG%,FT,FTA,FT%,ORB,DRB,TRB,AST,STL,BLK,TOV,PF,PTS,2023
509,481,Kenrich Williams,PF,28,OKC,35,5,21.6,3.2,5.9,.544,0.9,2.1,.440,2.3,3.7,.603,.624,0.3,0.7,.462,1.8,2.9,4.8,1.5,0.7,0.3,0.4,2.0,7.7,2023
510,482,Mark Williams,C,21,CHO,13,0,12.7,2.2,3.9,.549,0.0,0.0,,2.2,3.9,.549,.549,1.5,2.0,.731,1.5,4.2,5.6,0.4,0.6,0.6,0.9,1.7,5.8,2023
511,483,Patrick Williams,PF,21,CHI,43,42,29.0,3.7,8.2,.459,1.4,3.5,.411,2.3,4.7,.495,.547,1.1,1.2,.904,1.0,3.1,4.1,1.3,0.7,0.9,1.3,2.1,10.0,2023
512,484,Robert Williams,C,25,BOS,12,3,21.3,3.4,4.5,.759,0.0,0.0,,3.4,4.5,.759,.759,0.8,1.1,.692,3.0,4.8,7.8,1.4,0.6,1.3,0.8,1.7,7.6,2023
513,485,Vince Williams Jr.,SG,22,MEM,8,0,5.5,0.4,1.4,.273,0.1,1.0,.125,0.3,0.4,.667,.318,0.0,0.0,,0.1,0.5,0.6,0.4,0.5,0.1,0.0,0.6,0.9,2023
514,486,Ziaire Williams,SF,21,MEM,16,1,17.9,2.8,6.2,.444,0.8,2.9,.261,2.0,3.3,.604,.505,0.6,0.6,.900,0.4,2.6,2.9,1.1,0.5,0.3,1.3,2.0,6.8,2023
515,487,Zion Williamson,PF,22,NOP,29,29,33.0,9.8,16.2,.608,0.2,0.7,.368,9.6,15.5,.618,.615,6.1,8.6,.714,2.0,5.0,7.0,4.6,1.1,0.6,3.4,2.2,26.0,2023
516,488,Justise Winslow,SF,26,POR,29,11,26.8,2.8,6.8,.409,0.5,1.6,.311,2.3,5.3,.438,.444,0.7,1.0,.714,1.7,3.3,5.0,3.4,1.0,0.4,1.5,3.1,6.8,2023
517,489,James Wiseman,C,21,GSW,19,0,12.7,2.8,4.6,.609,0.1,0.1,.500,2.7,4.5,.612,.615,1.2,1.8,.657,0.9,2.7,3.6,0.7,0.1,0.4,0.7,1.9,6.8,2023
518,490,Christian Wood,C,27,DAL,40,15,28.7,6.6,12.2,.543,1.8,4.5,.394,4.9,7.7,.630,.616,3.1,4.3,.731,1.4,6.8,8.2,1.6,0.5,1.3,2.1,2.9,18.2,2023
519,491,Delon Wright,PG,30,WAS,14,0,19.9,1.9,4.9,.391,0.5,2.3,.219,1.4,2.6,.541,.442,1.0,1.2,.824,0.7,1.9,2.6,3.1,2.1,0.4,0.9,1.2,5.4,2023
520,492,McKinley Wright IV,PG,24,DAL,13,0,9.4,0.6,1.6,.381,0.0,0.4,.000,0.6,1.2,.500,.381,0.4,0.6,.625,0.3,0.7,1.0,1.2,0.5,0.2,0.6,1.0,1.6,2023
521,493,Thaddeus Young,PF,34,TOR,35,9,16.5,2.2,4.0,.543,0.1,0.7,.174,2.1,3.3,.615,.557,0.4,0.5,.737,1.6,2.0,3.6,1.6,1.1,0.1,0.7,1.8,4.9,2023
522,494,Trae Young,PG,24,ATL,38,38,35.7,8.7,20.5,.423,2.3,7.1,.326,6.4,13.4,.475,.479,7.8,8.7,.894,0.7,2.1,2.8,9.8,0.8,0.2,3.8,1.5,27.5,2023
523,495,Ivica Zubac,C,25,LAC,42,42,29.1,4.0,6.4,.617,0.0,0.0,.000,4.0,6.4,.622,.617,2.2,3.2,.699,3.4,7.0,10.5,1.1,0.4,1.3,2.0,3.0,10.1,2023
