Player,Pos,Age,Tm,G,GS,MP,FG,FGA,FG%,3P,3PA,3P%,2P,2PA,2P%,eFG%,FT,FTA,FT%,ORB,DRB,TRB,AST,STL,BLK,TOV,PF,PTS,Year,Pts Won,Pts Max,Share,Team,W,L,W/L%,GB,PS/G,PA/G,SRS
A.J. Green,SG,23,MIL,20,0,9.6,1.8,3.6,0.486,1.3,3.0,0.433,0.5,0.6,0.75,0.667,0.2,0.2,1.0,0.2,1.0,1.2,0.4,0.2,0.0,0.2,1.0,5.0,2023,0,0,0,Milwaukee Bucks,25,14,0.641,0.0,112.4,111.2,1.06
Bobby Portis,PF,27,MIL,43,11,26.4,5.9,11.8,0.497,1.1,3.5,0.322,4.7,8.3,0.57,0.544,1.2,1.5,0.813,2.6,7.4,10.0,1.8,0.5,0.3,1.2,1.7,14.0,2023,0,0,0,Milwaukee Bucks,25,14,0.641,0.0,112.4,111.2,1.06
Brook Lopez,C,34,MIL,42,42,30.5,5.5,11.0,0.499,2.0,5.0,0.392,3.5,5.9,0.59,0.589,1.5,1.9,0.778,2.1,4.4,6.5,1.2,0.5,2.5,1.4,2.4,14.4,2023,0,0,0,Milwaukee Bucks,25,14,0.641,0.0,112.4,111.2,1.06
George Hill,PG,36,MIL,31,0,19.8,1.7,3.8,0.437,0.6,2.1,0.308,1.0,1.7,0.593,0.521,1.0,1.4,0.727,0.4,1.7,2.1,2.6,0.5,0.1,0.9,1.2,5.0,2023,0,0,0,Milwaukee Bucks,25,14,0.641,0.0,112.4,111.2,1.06
Giannis Antetokounmpo,PF,28,MIL,35,35,33.7,10.9,20.8,0.524,0.7,2.9,0.245,10.2,17.9,0.569,0.541,8.5,12.9,0.653,2.3,9.7,11.9,5.3,0.8,0.9,4.0,3.5,31.0,2023,0,0,0,Milwaukee Bucks,25,14,0.641,0.0,112.4,111.2,1.06
Grayson Allen,SG,27,MIL,39,37,27.1,3.3,7.6,0.436,1.8,4.6,0.391,1.5,3.0,0.504,0.554,1.8,2.0,0.899,0.9,2.6,3.5,2.6,0.7,0.2,1.1,1.5,10.2,2023,0,0,0,Milwaukee Bucks,25,14,0.641,0.0,112.4,111.2,1.06
Jevon Carter,PG,27,MIL,43,30,25.0,2.8,7.1,0.401,1.5,3.9,0.386,1.3,3.2,0.42,0.507,0.5,0.6,0.84,0.5,2.3,2.8,2.9,1.2,0.5,1.2,2.0,7.7,2023,0,0,0,Milwaukee Bucks,25,14,0.641,0.0,112.4,111.2,1.06
Joe Ingles,SF,35,MIL,12,0,20.3,2.2,6.3,0.347,1.6,5.0,0.317,0.6,1.3,0.467,0.473,0.3,0.3,1.0,0.5,1.5,2.0,3.7,0.5,0.1,1.8,1.3,6.2,2023,0,0,0,Milwaukee Bucks,25,14,0.641,0.0,112.4,111.2,1.06
Jordan Nwora,SF,24,MIL,30,3,16.3,2.1,5.5,0.384,1.1,2.8,0.388,1.0,2.6,0.38,0.485,1.0,1.2,0.857,0.7,2.4,3.1,1.0,0.3,0.1,1.0,0.8,6.3,2023,0,0,0,Milwaukee Bucks,25,14,0.641,0.0,112.4,111.2,1.06
Jrue Holiday,PG,32,MIL,32,30,32.3,6.8,15.0,0.45,2.3,6.1,0.372,4.5,8.9,0.504,0.526,2.6,3.0,0.863,1.2,3.7,4.9,7.3,1.4,0.4,3.2,1.9,18.3,2023,0,0,0,Milwaukee Bucks,25,14,0.641,0.0,112.4,111.2,1.06
Khris Middleton,SF,31,MIL,7,7,24.4,3.6,11.0,0.325,1.6,5.9,0.268,2.0,5.1,0.389,0.396,2.4,2.7,0.895,0.1,2.4,2.6,4.4,0.6,0.1,1.6,2.6,11.1,2023,0,0,0,Milwaukee Bucks,25,14,0.641,0.0,112.4,111.2,1.06
MarJon Beauchamp,SF,22,MIL,32,9,15.5,2.2,5.5,0.395,1.1,3.3,0.324,1.1,2.3,0.5,0.492,0.6,0.8,0.72,1.0,1.5,2.5,0.7,0.5,0.1,1.0,1.6,6.0,2023,0,0,0,Milwaukee Bucks,25,14,0.641,0.0,112.4,111.2,1.06
Pat Connaughton,SG,30,MIL,27,11,23.2,2.8,7.7,0.359,1.9,6.0,0.315,0.9,1.7,0.511,0.481,0.4,0.7,0.6,0.6,3.4,4.1,1.0,0.6,0.1,0.6,1.1,7.9,2023,0,0,0,Milwaukee Bucks,25,14,0.641,0.0,112.4,111.2,1.06
Sandro Mamukelashvili,C,23,MIL,19,0,8.8,0.8,2.4,0.333,0.3,1.3,0.24,0.5,1.1,0.45,0.4,0.4,0.6,0.583,0.6,1.7,2.3,0.7,0.1,0.2,0.3,0.7,2.3,2023,0,0,0,Milwaukee Bucks,25,14,0.641,0.0,112.4,111.2,1.06
Serge Ibaka,C,33,MIL,16,0,11.6,1.6,3.4,0.481,0.4,1.1,0.333,1.3,2.3,0.556,0.537,0.5,0.8,0.615,0.9,1.8,2.8,0.3,0.1,0.4,0.7,1.4,4.1,2023,0,0,0,Milwaukee Bucks,25,14,0.641,0.0,112.4,111.2,1.06
Thanasis Antetokounmpo,SF,30,MIL,20,0,4.3,0.2,0.7,0.214,0.0,0.2,0.0,0.2,0.5,0.3,0.214,0.2,0.3,0.5,0.3,0.7,1.0,0.2,0.1,0.2,0.4,0.4,0.5,2023,0,0,0,Milwaukee Bucks,25,14,0.641,0.0,112.4,111.2,1.06
Wesley Matthews,SG,36,MIL,26,0,14.8,0.9,2.9,0.32,0.7,2.3,0.311,0.2,0.5,0.357,0.447,0.3,0.4,0.9,0.7,0.9,1.6,0.6,0.5,0.2,0.4,1.5,2.9,2023,0,0,0,Milwaukee Bucks,25,14,0.641,0.0,112.4,111.2,1.06
AJ Griffin,SF,19,ATL,39,10,20.8,3.9,8.3,0.475,1.6,4.3,0.371,2.4,4.0,0.586,0.571,0.4,0.4,0.875,0.6,1.6,2.2,1.0,0.8,0.2,0.7,1.2,9.8,2023,0,0,0,Atlanta Hawks,18,21,0.462,2.5,115.3,116.6,-1.6
Aaron Holiday,PG,26,ATL,39,4,16.2,1.7,4.1,0.416,0.6,1.5,0.4,1.1,2.6,0.426,0.491,0.6,0.7,0.846,0.5,1.0,1.5,1.5,0.6,0.2,0.6,1.6,4.6,2023,0,0,0,Atlanta Hawks,18,21,0.462,2.5,115.3,116.6,-1.6
Bogdan Bogdanović,SG,30,ATL,19,3,31.0,6.0,14.0,0.429,2.9,7.8,0.369,3.1,6.2,0.504,0.532,1.1,1.4,0.808,0.3,3.6,3.8,2.6,0.8,0.3,1.4,1.4,16.0,2023,0,0,0,Atlanta Hawks,18,21,0.462,2.5,115.3,116.6,-1.6
Clint Capela,C,28,ATL,27,27,27.5,5.4,8.6,0.636,0.0,0.0,,5.4,8.6,0.636,0.636,1.1,1.9,0.6,4.3,7.6,11.9,0.7,0.6,1.3,1.0,2.4,12.0,2023,0,0,0,Atlanta Hawks,18,21,0.462,2.5,115.3,116.6,-1.6
De'Andre Hunter,SF,25,ATL,35,35,31.8,5.5,12.3,0.45,1.6,4.3,0.377,3.9,8.0,0.489,0.516,2.9,3.5,0.821,0.7,3.7,4.4,1.2,0.5,0.2,1.3,3.0,15.6,2023,0,0,0,Atlanta Hawks,18,21,0.462,2.5,115.3,116.6,-1.6
Dejounte Murray,SG,26,ATL,38,38,36.5,8.0,18.1,0.445,1.9,5.4,0.345,6.2,12.6,0.488,0.496,2.3,2.7,0.843,0.7,4.8,5.5,6.1,1.7,0.3,2.4,1.5,20.2,2023,0,0,0,Atlanta Hawks,18,21,0.462,2.5,115.3,116.6,-1.6
Frank Kaminsky,C,29,ATL,22,0,7.4,1.0,1.8,0.575,0.5,1.0,0.5,0.5,0.8,0.667,0.713,0.5,0.5,0.833,0.1,1.5,1.6,0.9,0.1,0.0,0.3,0.9,3.0,2023,0,0,0,Atlanta Hawks,18,21,0.462,2.5,115.3,116.6,-1.6
Jalen Johnson,SF,21,ATL,41,6,15.2,2.1,4.4,0.478,0.4,1.6,0.273,1.7,2.8,0.596,0.528,0.9,1.2,0.714,0.7,3.0,3.6,1.0,0.5,0.5,0.5,1.6,5.5,2023,0,0,0,Atlanta Hawks,18,21,0.462,2.5,115.3,116.6,-1.6
Jarrett Culver,SG,23,ATL,10,1,13.7,1.7,4.3,0.395,0.1,1.2,0.083,1.6,3.1,0.516,0.407,0.9,1.3,0.692,1.0,2.8,3.8,0.6,0.6,0.2,0.7,1.4,4.4,2023,0,0,0,Atlanta Hawks,18,21,0.462,2.5,115.3,116.6,-1.6
John Collins,PF,25,ATL,35,35,31.0,5.1,10.3,0.497,0.7,3.2,0.23,4.4,7.1,0.619,0.533,2.1,2.7,0.796,1.2,6.8,7.9,1.2,0.7,1.4,1.3,3.3,13.1,2023,0,0,0,Atlanta Hawks,18,21,0.462,2.5,115.3,116.6,-1.6
Justin Holiday,SG,33,ATL,27,0,15.0,1.7,4.5,0.377,1.1,3.1,0.341,0.6,1.4,0.459,0.496,0.0,0.0,,0.1,0.8,0.9,0.9,0.2,0.4,0.4,1.3,4.5,2023,0,0,0,Atlanta Hawks,18,21,0.462,2.5,115.3,116.6,-1.6
Onyeka Okongwu,C,22,ATL,42,15,24.8,3.9,6.3,0.615,0.0,0.1,0.0,3.9,6.2,0.622,0.615,1.5,2.1,0.73,2.8,4.9,7.7,1.0,0.7,1.2,1.0,3.2,9.3,2023,0,0,0,Atlanta Hawks,18,21,0.462,2.5,115.3,116.6,-1.6
Trae Young,PG,24,ATL,38,38,35.7,8.7,20.5,0.423,2.3,7.1,0.326,6.4,13.4,0.475,0.479,7.8,8.7,0.894,0.7,2.1,2.8,9.8,0.8,0.2,3.8,1.5,27.5,2023,0,0,0,Atlanta Hawks,18,21,0.462,2.5,115.3,116.6,-1.6
Trent Forrest,PG,24,ATL,15,3,14.1,1.5,3.1,0.478,0.0,0.1,0.0,1.5,2.9,0.5,0.478,0.1,0.2,0.667,0.3,1.4,1.7,1.9,0.4,0.1,0.5,0.9,3.1,2023,0,0,0,Atlanta Hawks,18,21,0.462,2.5,115.3,116.6,-1.6
Tyrese Martin,SG,23,ATL,11,0,3.8,0.5,1.5,0.375,0.1,0.5,0.2,0.5,1.0,0.455,0.406,0.2,0.2,1.0,0.2,0.4,0.5,0.0,0.1,0.0,0.1,0.2,1.4,2023,0,0,0,Atlanta Hawks,18,21,0.462,2.5,115.3,116.6,-1.6
Vit Krejci,PG,22,ATL,17,0,6.3,0.6,1.5,0.385,0.3,1.0,0.294,0.3,0.5,0.556,0.481,0.1,0.1,0.5,0.1,0.5,0.6,0.6,0.1,0.1,0.2,0.6,1.5,2023,0,0,0,Atlanta Hawks,18,21,0.462,2.5,115.3,116.6,-1.6
Aaron Gordon,PF,27,DEN,37,37,29.8,6.3,10.7,0.59,0.9,2.5,0.376,5.4,8.2,0.656,0.634,3.0,4.6,0.643,2.4,4.4,6.8,2.4,0.9,0.8,1.6,1.8,16.5,2023,0,0,0,Denver Nuggets,26,13,0.667,0.0,116.7,113.8,2.56
Bones Hyland,PG,22,DEN,34,1,20.8,4.6,11.1,0.412,2.5,6.2,0.41,2.1,5.0,0.414,0.525,1.7,2.1,0.843,0.3,2.0,2.3,3.2,0.7,0.3,1.7,1.7,13.4,2023,0,0,0,Denver Nuggets,26,13,0.667,0.0,116.7,113.8,2.56
Bruce Brown,SG,26,DEN,41,19,28.7,4.3,8.7,0.492,1.3,3.4,0.399,3.0,5.4,0.55,0.568,1.0,1.2,0.804,0.8,3.4,4.1,3.8,1.0,0.7,1.6,2.4,10.9,2023,0,0,0,Denver Nuggets,26,13,0.667,0.0,116.7,113.8,2.56
Christian Braun,SG,21,DEN,38,1,13.6,1.3,2.9,0.446,0.3,1.0,0.316,1.0,1.9,0.514,0.5,0.3,0.6,0.565,0.5,1.3,1.8,0.5,0.3,0.2,0.4,1.1,3.3,2023,0,0,0,Denver Nuggets,26,13,0.667,0.0,116.7,113.8,2.56
Davon Reed,SG,27,DEN,28,1,9.1,0.7,2.2,0.311,0.5,1.3,0.351,0.2,0.9,0.25,0.418,0.5,0.6,0.722,0.3,1.2,1.5,0.6,0.3,0.1,0.5,1.0,2.3,2023,0,0,0,Denver Nuggets,26,13,0.667,0.0,116.7,113.8,2.56
DeAndre Jordan,C,34,DEN,29,4,14.4,2.1,2.7,0.769,0.0,0.0,1.0,2.0,2.7,0.766,0.776,0.6,1.2,0.472,1.2,3.9,5.1,0.9,0.2,0.7,1.1,1.7,4.8,2023,0,0,0,Denver Nuggets,26,13,0.667,0.0,116.7,113.8,2.56
Ish Smith,PG,34,DEN,20,0,8.2,1.1,2.7,0.396,0.1,0.3,0.333,1.0,2.4,0.404,0.415,0.1,0.1,0.5,0.1,0.8,0.8,1.7,0.3,0.3,0.9,0.6,2.3,2023,0,0,0,Denver Nuggets,26,13,0.667,0.0,116.7,113.8,2.56
Jack White,SF,25,DEN,10,0,3.2,0.3,0.9,0.333,0.1,0.3,0.333,0.2,0.6,0.333,0.389,0.0,0.0,,0.3,0.4,0.7,0.0,0.1,0.2,0.0,0.5,0.7,2023,0,0,0,Denver Nuggets,26,13,0.667,0.0,116.7,113.8,2.56
Jamal Murray,PG,25,DEN,35,35,31.8,6.8,15.2,0.449,2.1,5.5,0.389,4.7,9.7,0.484,0.52,2.8,3.5,0.803,0.7,3.3,4.0,5.3,0.9,0.2,2.1,1.3,18.6,2023,0,0,0,Denver Nuggets,26,13,0.667,0.0,116.7,113.8,2.56
Jeff Green,PF,36,DEN,24,3,19.3,2.8,5.4,0.527,0.3,1.3,0.267,2.5,4.1,0.606,0.558,1.5,2.1,0.686,0.9,1.9,2.8,1.1,0.4,0.3,1.0,1.8,7.5,2023,0,0,0,Denver Nuggets,26,13,0.667,0.0,116.7,113.8,2.56
Kentavious Caldwell-Pope,SG,29,DEN,41,41,31.3,4.1,8.6,0.477,2.1,4.4,0.484,2.0,4.2,0.471,0.602,1.3,1.5,0.839,0.4,2.6,3.0,2.3,1.1,0.3,1.1,2.1,11.7,2023,0,0,0,Denver Nuggets,26,13,0.667,0.0,116.7,113.8,2.56
Michael Porter Jr.,SF,24,DEN,28,28,29.0,6.0,12.8,0.471,2.7,6.7,0.399,3.3,6.0,0.55,0.576,1.6,2.1,0.759,1.0,4.7,5.8,1.3,0.6,0.5,1.2,2.4,16.3,2023,0,0,0,Denver Nuggets,26,13,0.667,0.0,116.7,113.8,2.56
Nikola Jokić,C,27,DEN,38,38,33.3,9.4,15.2,0.618,0.9,2.3,0.375,8.5,12.9,0.661,0.646,5.2,6.4,0.812,2.1,8.9,11.0,9.7,1.4,0.6,3.4,2.8,24.9,2023,0,0,0,Denver Nuggets,26,13,0.667,0.0,116.7,113.8,2.56
Peyton Watson,SG,20,DEN,6,0,2.5,0.5,1.5,0.333,0.0,0.2,0.0,0.5,1.3,0.375,0.333,0.0,0.0,,0.3,0.2,0.5,0.0,0.0,0.0,0.0,0.2,1.0,2023,0,0,0,Denver Nuggets,26,13,0.667,0.0,116.7,113.8,2.56
Vlatko Čančar,PF,25,DEN,31,0,14.0,1.9,3.6,0.513,0.9,1.9,0.483,0.9,1.7,0.547,0.642,0.4,0.4,0.923,0.5,1.6,2.1,1.2,0.4,0.2,0.6,1.7,5.1,2023,0,0,0,Denver Nuggets,26,13,0.667,0.0,116.7,113.8,2.56
Zeke Nnaji,PF,22,DEN,32,2,11.6,1.9,3.1,0.6,0.1,0.7,0.182,1.8,2.4,0.718,0.62,0.7,0.9,0.767,1.1,0.7,1.8,0.2,0.2,0.3,0.5,1.7,4.6,2023,0,0,0,Denver Nuggets,26,13,0.667,0.0,116.7,113.8,2.56
Aaron Nesmith,SF,23,IND,37,25,23.4,3.3,7.8,0.426,1.4,4.1,0.342,1.9,3.7,0.518,0.516,1.5,1.7,0.891,0.8,3.1,3.9,1.3,0.8,0.5,0.9,3.2,9.6,2023,0,0,0,Indiana Pacers,22,18,0.55,3.5,115.6,115.7,0.09
Andrew Nembhard,SG,23,IND,39,30,27.4,3.3,7.4,0.446,1.3,3.5,0.385,1.9,3.9,0.5,0.537,0.5,0.6,0.909,0.5,2.6,3.1,3.8,1.0,0.2,1.6,2.8,8.4,2023,0,0,0,Indiana Pacers,22,18,0.55,3.5,115.6,115.7,0.09
Bennedict Mathurin,SF,20,IND,44,4,28.1,5.5,12.9,0.423,1.5,4.6,0.333,3.9,8.3,0.471,0.482,4.9,6.1,0.809,1.0,2.9,3.9,1.4,0.6,0.1,1.9,2.0,17.3,2023,0,0,0,Indiana Pacers,22,18,0.55,3.5,115.6,115.7,0.09
Buddy Hield,SF,30,IND,44,44,31.9,6.4,14.2,0.451,3.9,9.1,0.424,2.5,5.1,0.5,0.587,1.3,1.5,0.875,0.8,4.1,4.9,2.6,1.0,0.3,1.8,2.0,18.0,2023,0,0,0,Indiana Pacers,22,18,0.55,3.5,115.6,115.7,0.09
Chris Duarte,SF,25,IND,23,6,17.3,2.3,7.0,0.329,1.0,3.7,0.279,1.3,3.3,0.387,0.404,1.3,1.5,0.857,0.2,1.9,2.1,1.2,0.1,0.3,0.8,1.3,7.0,2023,0,0,0,Indiana Pacers,22,18,0.55,3.5,115.6,115.7,0.09
Goga Bitadze,C,23,IND,19,0,9.9,1.4,2.6,0.551,0.2,0.7,0.286,1.2,1.8,0.657,0.592,0.5,0.9,0.5,1.1,1.2,2.3,0.9,0.4,0.5,0.5,1.8,3.5,2023,0,0,0,Indiana Pacers,22,18,0.55,3.5,115.6,115.7,0.09
Isaiah Jackson,C,21,IND,33,5,16.4,2.7,5.0,0.549,0.0,0.2,0.125,2.7,4.7,0.571,0.552,1.7,2.4,0.696,1.5,2.7,4.2,1.0,0.5,1.5,1.0,2.4,7.2,2023,0,0,0,Indiana Pacers,22,18,0.55,3.5,115.6,115.7,0.09
Jalen Smith,PF,22,IND,42,28,20.1,3.7,8.0,0.462,0.9,3.3,0.275,2.8,4.8,0.59,0.518,1.7,2.2,0.772,1.9,4.2,6.1,1.1,0.4,0.9,1.2,2.3,10.0,2023,0,0,0,Indiana Pacers,22,18,0.55,3.5,115.6,115.7,0.09
James Johnson,PF,35,IND,11,1,8.4,0.8,2.3,0.36,0.2,0.8,0.222,0.6,1.5,0.438,0.4,0.0,0.0,,0.1,1.1,1.2,0.6,0.3,0.5,0.5,2.0,1.8,2023,0,0,0,Indiana Pacers,22,18,0.55,3.5,115.6,115.7,0.09
Kendall Brown,SG,19,IND,6,0,6.7,0.7,1.2,0.571,0.0,0.2,0.0,0.7,1.0,0.667,0.571,0.2,0.3,0.5,0.3,0.7,1.0,0.5,0.7,0.0,0.3,1.5,1.5,2023,0,0,0,Indiana Pacers,22,18,0.55,3.5,115.6,115.7,0.09
Myles Turner,C,26,IND,35,35,29.8,6.1,11.0,0.552,1.4,3.8,0.379,4.7,7.3,0.642,0.617,3.4,4.4,0.784,1.4,6.5,7.9,1.5,0.6,2.3,1.7,3.3,17.0,2023,0,0,0,Indiana Pacers,22,18,0.55,3.5,115.6,115.7,0.09
Oshae Brissett,SF,24,IND,38,0,16.4,1.9,4.6,0.416,0.8,2.4,0.333,1.1,2.1,0.513,0.506,1.5,2.2,0.683,0.9,2.5,3.4,0.4,0.6,0.2,0.5,1.3,6.1,2023,0,0,0,Indiana Pacers,22,18,0.55,3.5,115.6,115.7,0.09
T.J. McConnell,PG,30,IND,41,0,17.6,2.6,5.5,0.478,0.2,0.6,0.304,2.4,4.9,0.498,0.493,0.6,0.7,0.897,0.6,2.0,2.6,4.5,1.0,0.1,1.5,1.3,6.0,2023,0,0,0,Indiana Pacers,22,18,0.55,3.5,115.6,115.7,0.09
Terry Taylor,SG,23,IND,20,2,7.8,0.9,2.1,0.415,0.2,0.7,0.231,0.7,1.4,0.5,0.451,0.2,0.3,0.8,0.7,0.8,1.4,0.4,0.1,0.2,0.3,0.8,2.1,2023,0,0,0,Indiana Pacers,22,18,0.55,3.5,115.6,115.7,0.09
Trevelin Queen,SG,25,IND,3,0,9.7,0.3,2.7,0.125,0.0,2.0,0.0,0.3,0.7,0.5,0.125,1.0,1.0,1.0,0.7,1.0,1.7,1.0,0.3,0.7,1.0,0.3,1.7,2023,0,0,0,Indiana Pacers,22,18,0.55,3.5,115.6,115.7,0.09
Tyrese Haliburton,PG,22,IND,40,40,33.4,7.3,15.1,0.48,3.0,7.4,0.399,4.3,7.7,0.558,0.578,2.8,3.1,0.88,0.7,3.3,4.0,10.2,1.8,0.4,2.6,1.1,20.2,2023,0,0,0,Indiana Pacers,22,18,0.55,3.5,115.6,115.7,0.09
Aaron Wiggins,SG,24,OKC,33,7,18.1,2.4,4.8,0.491,0.7,1.7,0.393,1.7,3.1,0.544,0.56,0.9,1.1,0.811,1.0,2.4,3.4,1.5,0.5,0.2,0.9,1.6,6.3,2023,0,0,0,Oklahoma City Thunder,17,22,0.436,9.0,116.4,116.9,-0.31
Aleksej Pokusevski,PF,21,OKC,31,25,21.8,3.5,7.8,0.44,1.2,3.3,0.376,2.2,4.6,0.486,0.519,0.7,1.1,0.636,1.5,3.6,5.1,2.0,0.6,1.3,1.3,1.8,8.8,2023,0,0,0,Oklahoma City Thunder,17,22,0.436,9.0,116.4,116.9,-0.31
Darius Bazley,PF,22,OKC,27,1,16.3,2.1,4.9,0.435,0.5,1.4,0.368,1.6,3.4,0.462,0.489,1.2,2.1,0.552,0.8,2.7,3.6,0.9,0.6,1.0,0.7,1.1,5.9,2023,0,0,0,Oklahoma City Thunder,17,22,0.436,9.0,116.4,116.9,-0.31
Eugene Omoruyi,SF,25,OKC,20,2,12.4,2.1,4.3,0.482,0.4,1.5,0.276,1.7,2.8,0.589,0.529,0.7,1.1,0.619,1.0,1.4,2.3,0.6,0.7,0.0,0.7,2.1,5.2,2023,0,0,0,Oklahoma City Thunder,17,22,0.436,9.0,116.4,116.9,-0.31
Isaiah Joe,SG,23,OKC,35,1,13.6,2.3,4.9,0.457,1.6,3.9,0.422,0.6,1.1,0.579,0.621,0.9,1.1,0.795,0.3,1.7,2.0,1.1,0.6,0.1,0.4,1.5,7.0,2023,0,0,0,Oklahoma City Thunder,17,22,0.436,9.0,116.4,116.9,-0.31
Jalen Williams,SG,21,OKC,39,26,27.9,4.9,9.3,0.522,0.8,2.6,0.304,4.1,6.7,0.607,0.565,1.4,1.9,0.743,0.7,3.1,3.8,2.8,0.9,0.5,1.6,2.5,11.9,2023,0,0,0,Oklahoma City Thunder,17,22,0.436,9.0,116.4,116.9,-0.31
Jaylin Williams,PF,20,OKC,12,4,12.4,1.4,3.5,0.405,0.3,1.1,0.308,1.1,2.4,0.448,0.452,0.5,0.8,0.6,0.8,2.9,3.7,1.2,0.4,0.1,0.6,2.3,3.7,2023,0,0,0,Oklahoma City Thunder,17,22,0.436,9.0,116.4,116.9,-0.31
Jeremiah Robinson-Earl,PF,22,OKC,26,18,21.1,3.3,6.7,0.489,1.1,2.9,0.382,2.2,3.8,0.571,0.572,0.8,1.1,0.786,2.0,3.0,5.0,1.0,0.7,0.4,0.6,1.9,8.5,2023,0,0,0,Oklahoma City Thunder,17,22,0.436,9.0,116.4,116.9,-0.31
Josh Giddey,SG,20,OKC,38,38,30.9,6.7,14.1,0.476,1.1,3.2,0.342,5.6,10.9,0.514,0.514,1.3,1.6,0.814,1.9,6.1,8.0,5.6,0.7,0.5,3.1,2.1,15.7,2023,0,0,0,Oklahoma City Thunder,17,22,0.436,9.0,116.4,116.9,-0.31
Kenrich Williams,PF,28,OKC,35,5,21.6,3.2,5.9,0.544,0.9,2.1,0.44,2.3,3.7,0.603,0.624,0.3,0.7,0.462,1.8,2.9,4.8,1.5,0.7,0.3,0.4,2.0,7.7,2023,0,0,0,Oklahoma City Thunder,17,22,0.436,9.0,116.4,116.9,-0.31
Lindy Waters III,SG,25,OKC,17,0,11.6,1.4,3.6,0.393,1.3,3.4,0.386,0.1,0.2,0.5,0.574,0.3,0.4,0.714,0.4,1.4,1.8,0.8,0.4,0.3,0.3,0.9,4.4,2023,0,0,0,Oklahoma City Thunder,17,22,0.436,9.0,116.4,116.9,-0.31
Luguentz Dort,SG,23,OKC,42,42,30.2,4.8,11.8,0.403,1.8,5.3,0.336,3.0,6.5,0.458,0.479,2.6,3.4,0.755,1.4,2.7,4.1,2.3,1.1,0.3,1.5,3.2,13.9,2023,0,0,0,Oklahoma City Thunder,17,22,0.436,9.0,116.4,116.9,-0.31
Mike Muscala,C,31,OKC,33,3,14.5,2.0,4.6,0.428,1.2,3.2,0.374,0.8,1.4,0.556,0.559,0.7,0.9,0.8,0.5,2.6,3.1,0.9,0.3,0.5,0.4,1.8,5.9,2023,0,0,0,Oklahoma City Thunder,17,22,0.436,9.0,116.4,116.9,-0.31
Ousmane Dieng,SF,19,OKC,14,0,15.7,1.8,4.2,0.424,0.7,2.4,0.294,1.1,1.8,0.6,0.508,0.1,0.3,0.25,0.4,2.4,2.9,1.4,0.4,0.3,0.5,0.9,4.4,2023,0,0,0,Oklahoma City Thunder,17,22,0.436,9.0,116.4,116.9,-0.31
Shai Gilgeous-Alexander,PG,24,OKC,39,39,35.6,10.2,20.2,0.504,1.0,2.8,0.352,9.2,17.4,0.528,0.528,9.4,10.3,0.913,0.8,4.1,4.8,5.6,1.7,1.1,3.2,2.7,30.7,2023,0,0,0,Oklahoma City Thunder,17,22,0.436,9.0,116.4,116.9,-0.31
Tre Mann,PG,21,OKC,38,4,20.0,3.4,8.5,0.395,1.4,4.6,0.307,1.9,3.9,0.5,0.478,0.5,0.7,0.704,0.4,1.9,2.4,1.7,0.7,0.2,1.0,1.5,8.7,2023,0,0,0,Oklahoma City Thunder,17,22,0.436,9.0,116.4,116.9,-0.31
Admiral Schofield,PF,25,ORL,25,0,13.3,1.8,3.7,0.478,0.7,2.2,0.333,1.0,1.5,0.684,0.576,0.7,0.8,0.895,0.8,1.3,2.1,0.9,0.2,0.1,0.2,2.0,4.9,2023,0,0,0,Orlando Magic,14,25,0.359,6.5,110.3,114.2,-4.03
Bol Bol,PF,23,ORL,38,32,25.9,4.9,8.4,0.582,0.7,1.8,0.382,4.2,6.6,0.636,0.623,1.3,1.8,0.739,1.3,5.7,7.0,0.9,0.5,1.5,1.9,1.4,11.8,2023,0,0,0,Orlando Magic,14,25,0.359,6.5,110.3,114.2,-4.03
Caleb Houstan,SF,20,ORL,30,2,16.5,1.3,3.5,0.381,0.9,2.6,0.364,0.4,0.9,0.429,0.514,0.4,0.4,0.846,0.7,1.6,2.3,0.6,0.2,0.1,0.3,1.4,4.0,2023,0,0,0,Orlando Magic,14,25,0.359,6.5,110.3,114.2,-4.03
Chuma Okeke,SF,24,ORL,18,7,21.8,1.8,4.8,0.368,1.0,3.3,0.3,0.8,1.5,0.519,0.471,0.9,1.2,0.762,1.2,3.1,4.2,1.4,0.6,0.5,0.5,1.9,5.4,2023,0,0,0,Orlando Magic,14,25,0.359,6.5,110.3,114.2,-4.03
Cole Anthony,PG,22,ORL,25,3,26.1,4.0,9.7,0.413,1.1,3.6,0.311,2.9,6.1,0.474,0.471,2.5,2.8,0.899,0.6,3.9,4.5,4.2,0.7,0.4,1.6,2.9,11.6,2023,0,0,0,Orlando Magic,14,25,0.359,6.5,110.3,114.2,-4.03
Franz Wagner,SF,21,ORL,42,42,33.4,7.4,15.1,0.491,1.7,4.6,0.361,5.7,10.5,0.548,0.546,3.8,4.5,0.852,0.9,3.0,3.9,3.4,0.9,0.2,2.1,2.3,20.3,2023,0,0,0,Orlando Magic,14,25,0.359,6.5,110.3,114.2,-4.03
Gary Harris,SG,28,ORL,15,9,23.5,3.1,6.7,0.455,1.3,3.4,0.392,1.7,3.3,0.52,0.554,1.1,1.3,0.895,0.5,1.9,2.3,1.3,0.8,0.2,1.0,2.3,8.6,2023,0,0,0,Orlando Magic,14,25,0.359,6.5,110.3,114.2,-4.03
Jalen Suggs,PG,21,ORL,19,13,25.0,3.8,9.4,0.408,1.2,4.3,0.268,2.7,5.1,0.526,0.469,1.7,2.4,0.696,1.0,2.1,3.1,4.4,1.3,0.6,2.6,2.6,10.5,2023,0,0,0,Orlando Magic,14,25,0.359,6.5,110.3,114.2,-4.03
Kevon Harris,SG,25,ORL,26,0,12.6,1.2,2.9,0.421,0.4,1.1,0.393,0.8,1.8,0.438,0.493,0.8,1.0,0.815,0.8,1.2,2.0,0.5,0.5,0.1,0.6,1.3,3.7,2023,0,0,0,Orlando Magic,14,25,0.359,6.5,110.3,114.2,-4.03
Markelle Fultz,PG,24,ORL,22,22,27.8,5.0,10.3,0.489,0.4,1.4,0.3,4.6,9.0,0.518,0.509,1.3,1.9,0.69,1.2,2.8,4.0,5.6,1.7,0.3,2.3,2.0,11.8,2023,0,0,0,Orlando Magic,14,25,0.359,6.5,110.3,114.2,-4.03
Mo Bamba,C,24,ORL,34,5,18.1,2.8,5.6,0.495,1.0,2.7,0.376,1.8,2.9,0.606,0.586,1.0,1.4,0.694,1.2,3.7,4.9,1.0,0.3,1.0,0.6,2.2,7.6,2023,0,0,0,Orlando Magic,14,25,0.359,6.5,110.3,114.2,-4.03
Moritz Wagner,C,25,ORL,22,14,24.0,4.0,8.1,0.497,1.2,3.5,0.342,2.9,4.7,0.612,0.57,2.6,3.1,0.853,1.8,4.4,6.2,2.0,0.9,0.2,1.6,3.1,11.9,2023,0,0,0,Orlando Magic,14,25,0.359,6.5,110.3,114.2,-4.03
Paolo Banchero,PF,20,ORL,36,36,34.1,7.0,15.9,0.437,1.3,4.3,0.31,5.6,11.6,0.484,0.479,5.9,7.8,0.754,1.1,5.7,6.8,3.8,1.1,0.5,2.9,2.4,21.2,2023,0,0,0,Orlando Magic,14,25,0.359,6.5,110.3,114.2,-4.03
R.J. Hampton,PG,21,ORL,25,0,14.4,2.0,4.6,0.439,0.7,2.1,0.34,1.3,2.4,0.525,0.518,1.2,1.5,0.838,0.4,1.2,1.6,1.4,0.6,0.2,0.8,0.9,6.0,2023,0,0,0,Orlando Magic,14,25,0.359,6.5,110.3,114.2,-4.03
Terrence Ross,SG,31,ORL,39,9,22.4,3.1,7.2,0.427,1.4,3.8,0.376,1.6,3.4,0.485,0.527,0.4,0.5,0.75,0.3,1.8,2.1,1.3,0.6,0.2,0.9,1.3,8.0,2023,0,0,0,Orlando Magic,14,25,0.359,6.5,110.3,114.2,-4.03
Wendell Carter Jr.,C,23,ORL,24,21,30.5,5.8,10.9,0.531,1.3,3.5,0.369,4.5,7.4,0.607,0.59,3.2,4.2,0.77,2.1,6.5,8.7,2.9,0.5,0.7,2.3,3.0,16.1,2023,0,0,0,Orlando Magic,14,25,0.359,6.5,110.3,114.2,-4.03
Al Horford,C,36,BOS,34,34,30.5,3.6,7.4,0.492,2.1,4.7,0.441,1.5,2.6,0.584,0.634,0.2,0.3,0.6,1.1,5.2,6.3,2.7,0.5,1.0,0.6,1.8,9.5,2023,0,0,0,Boston Celtics,27,12,0.692,0.0,118.7,112.9,5.68
Blake Griffin,C,33,BOS,17,8,14.4,1.7,3.5,0.492,0.5,1.5,0.32,1.2,2.0,0.618,0.559,0.9,1.2,0.714,0.9,2.8,3.6,1.2,0.3,0.1,0.4,1.9,4.8,2023,0,0,0,Boston Celtics,27,12,0.692,0.0,118.7,112.9,5.68
Derrick White,SG,28,BOS,44,37,26.1,3.4,7.5,0.45,1.5,4.0,0.376,1.8,3.4,0.536,0.552,1.6,1.9,0.855,0.6,2.5,3.1,3.3,0.8,0.9,1.0,2.3,9.9,2023,0,0,0,Boston Celtics,27,12,0.692,0.0,118.7,112.9,5.68
Grant Williams,PF,24,BOS,43,16,27.9,3.1,6.1,0.5,1.5,3.7,0.403,1.6,2.4,0.648,0.621,1.3,1.5,0.859,1.0,3.7,4.7,1.7,0.7,0.4,0.9,2.4,8.9,2023,0,0,0,Boston Celtics,27,12,0.692,0.0,118.7,112.9,5.68
JD Davison,PG,20,BOS,4,0,2.5,0.3,1.3,0.2,0.0,0.5,0.0,0.3,0.8,0.333,0.2,0.0,0.0,,0.0,0.5,0.5,0.3,0.3,0.0,0.3,0.0,0.5,2023,0,0,0,Boston Celtics,27,12,0.692,0.0,118.7,112.9,5.68
Jaylen Brown,SF,26,BOS,40,40,35.5,10.2,20.4,0.498,2.5,7.5,0.329,7.7,13.0,0.595,0.558,4.4,5.5,0.795,1.2,5.9,7.1,3.2,1.1,0.5,3.1,2.8,27.2,2023,0,0,0,Boston Celtics,27,12,0.692,0.0,118.7,112.9,5.68
Jayson Tatum,PF,24,BOS,42,42,36.7,10.1,21.6,0.467,3.2,9.3,0.345,6.9,12.3,0.559,0.541,7.3,8.4,0.862,1.1,7.1,8.2,4.3,1.0,0.8,2.6,2.1,30.6,2023,0,0,0,Boston Celtics,27,12,0.692,0.0,118.7,112.9,5.68
Justin Jackson,SF,27,BOS,19,0,4.4,0.3,1.2,0.227,0.2,0.8,0.25,0.1,0.3,0.167,0.318,0.1,0.1,0.5,0.1,0.4,0.5,0.4,0.2,0.2,0.1,0.3,0.8,2023,0,0,0,Boston Celtics,27,12,0.692,0.0,118.7,112.9,5.68
Luke Kornet,C,27,BOS,37,0,11.8,1.6,2.4,0.685,0.1,0.2,0.429,1.6,2.2,0.707,0.702,0.4,0.5,0.833,1.3,1.9,3.2,0.7,0.2,0.8,0.4,1.3,3.8,2023,0,0,0,Boston Celtics,27,12,0.692,0.0,118.7,112.9,5.68
Malcolm Brogdon,PG,30,BOS,38,0,23.7,4.8,10.0,0.485,1.8,4.1,0.452,3.0,5.9,0.509,0.578,2.6,2.9,0.89,0.7,3.4,4.1,3.8,0.6,0.2,1.6,1.4,14.1,2023,0,0,0,Boston Celtics,27,12,0.692,0.0,118.7,112.9,5.68
Marcus Smart,PG,28,BOS,38,38,32.8,4.0,9.6,0.418,1.8,5.5,0.33,2.2,4.1,0.535,0.512,1.4,1.8,0.783,0.7,2.7,3.4,7.4,1.3,0.4,2.3,2.7,11.2,2023,0,0,0,Boston Celtics,27,12,0.692,0.0,118.7,112.9,5.68
Mfiondu Kabengele,PF,25,BOS,1,0,8.0,1.0,2.0,0.5,0.0,1.0,0.0,1.0,1.0,1.0,0.5,0.0,0.0,,3.0,1.0,4.0,0.0,0.0,0.0,0.0,1.0,2.0,2023,0,0,0,Boston Celtics,27,12,0.692,0.0,118.7,112.9,5.68
Noah Vonleh,C,27,BOS,23,1,7.4,0.5,1.0,0.458,0.0,0.2,0.25,0.4,0.9,0.5,0.479,0.1,0.1,1.0,0.8,1.3,2.1,0.3,0.1,0.3,0.5,1.5,1.1,2023,0,0,0,Boston Celtics,27,12,0.692,0.0,118.7,112.9,5.68
Payton Pritchard,PG,25,BOS,29,1,10.7,1.8,4.3,0.411,0.8,2.4,0.329,1.0,1.9,0.519,0.504,0.3,0.4,0.667,0.6,0.9,1.4,0.9,0.3,0.0,0.7,0.5,4.6,2023,0,0,0,Boston Celtics,27,12,0.692,0.0,118.7,112.9,5.68
Robert Williams,C,25,BOS,12,3,21.3,3.4,4.5,0.759,0.0,0.0,,3.4,4.5,0.759,0.759,0.8,1.1,0.692,3.0,4.8,7.8,1.4,0.6,1.3,0.8,1.7,7.6,2023,0,0,0,Boston Celtics,27,12,0.692,0.0,118.7,112.9,5.68
Sam Hauser,PF,25,BOS,44,0,14.7,2.0,4.5,0.442,1.5,3.8,0.399,0.5,0.7,0.677,0.611,0.2,0.3,0.615,0.4,1.9,2.4,0.7,0.3,0.2,0.3,1.1,5.7,2023,0,0,0,Boston Celtics,27,12,0.692,0.0,118.7,112.9,5.68
Alec Burks,SG,31,DET,33,0,21.8,4.2,9.2,0.461,1.9,4.4,0.444,2.3,4.8,0.475,0.566,3.4,4.2,0.81,0.3,2.7,3.0,2.2,0.8,0.2,1.2,2.1,13.8,2023,0,0,0,Detroit Pistons,11,31,0.262,15.5,111.8,119.0,-6.56
Bojan Bogdanović,PF,33,DET,44,44,31.4,7.1,14.6,0.487,2.4,5.9,0.415,4.7,8.7,0.535,0.57,4.6,5.2,0.885,0.5,3.1,3.6,2.8,0.6,0.1,2.3,1.8,21.2,2023,0,0,0,Detroit Pistons,11,31,0.262,15.5,111.8,119.0,-6.56
Braxton Key,SF,25,DET,3,0,3.0,0.3,0.3,1.0,0.0,0.0,,0.3,0.3,1.0,1.0,0.7,0.7,1.0,0.0,0.3,0.3,0.0,0.0,0.0,0.0,0.0,1.3,2023,0,0,0,Detroit Pistons,11,31,0.262,15.5,111.8,119.0,-6.56
Buddy Boeheim,PG,23,DET,1,0,1.0,0.0,0.0,,0.0,0.0,,0.0,0.0,,,0.0,0.0,,0.0,0.0,0.0,0.0,0.0,0.0,0.0,0.0,0.0,2023,0,0,0,Detroit Pistons,11,31,0.262,15.5,111.8,119.0,-6.56
Cade Cunningham,PG,21,DET,12,12,33.3,7.8,18.7,0.415,1.4,5.1,0.279,6.3,13.6,0.466,0.453,3.0,3.6,0.837,1.0,5.2,6.2,6.0,0.8,0.6,3.3,2.8,19.9,2023,0,0,0,Detroit Pistons,11,31,0.262,15.5,111.8,119.0,-6.56
Cory Joseph,PG,31,DET,35,2,15.6,1.7,4.2,0.392,0.6,1.8,0.313,1.1,2.4,0.452,0.459,0.7,1.0,0.765,0.3,1.0,1.3,3.1,0.4,0.1,0.7,1.5,4.6,2023,0,0,0,Detroit Pistons,11,31,0.262,15.5,111.8,119.0,-6.56
Hamidou Diallo,SG,24,DET,38,0,16.3,3.2,5.6,0.566,0.1,0.5,0.278,3.0,5.1,0.593,0.578,1.5,2.6,0.56,1.1,2.4,3.5,0.9,0.8,0.2,1.0,2.1,7.9,2023,0,0,0,Detroit Pistons,11,31,0.262,15.5,111.8,119.0,-6.56
Isaiah Livers,PF,24,DET,24,7,19.6,1.8,4.6,0.4,1.3,3.6,0.349,0.6,1.0,0.583,0.536,0.6,0.8,0.75,0.5,1.9,2.4,0.5,0.4,0.5,0.5,1.9,5.5,2023,0,0,0,Detroit Pistons,11,31,0.262,15.5,111.8,119.0,-6.56
Isaiah Stewart,C,21,DET,36,36,28.5,4.1,8.9,0.457,1.4,4.2,0.342,2.6,4.7,0.559,0.537,2.2,3.0,0.741,2.2,5.8,7.9,1.2,0.4,0.7,1.5,2.6,11.8,2023,0,0,0,Detroit Pistons,11,31,0.262,15.5,111.8,119.0,-6.56
Jaden Ivey,SG,20,DET,42,41,30.0,5.1,12.5,0.411,1.3,4.1,0.327,3.8,8.4,0.452,0.465,3.4,4.7,0.724,1.0,3.1,4.1,4.2,1.0,0.2,2.8,3.0,15.0,2023,0,0,0,Detroit Pistons,11,31,0.262,15.5,111.8,119.0,-6.56
Jalen Duren,C,19,DET,39,15,24.4,3.3,5.2,0.634,0.0,0.0,0.0,3.3,5.2,0.637,0.634,1.1,1.9,0.573,3.4,5.1,8.5,1.0,0.6,0.7,1.2,2.6,7.7,2023,0,0,0,Detroit Pistons,11,31,0.262,15.5,111.8,119.0,-6.56
Jared Rhoden,SG,23,DET,1,0,12.0,1.0,3.0,0.333,0.0,1.0,0.0,1.0,2.0,0.5,0.333,0.0,0.0,,0.0,1.0,1.0,0.0,0.0,0.0,0.0,3.0,2.0,2023,0,0,0,Detroit Pistons,11,31,0.262,15.5,111.8,119.0,-6.56
Kevin Knox,PF,23,DET,36,1,14.5,2.0,4.5,0.453,1.0,2.9,0.356,1.0,1.6,0.632,0.568,0.6,0.8,0.793,0.4,2.1,2.5,0.4,0.3,0.3,0.7,1.8,5.7,2023,0,0,0,Detroit Pistons,11,31,0.262,15.5,111.8,119.0,-6.56
Killian Hayes,PG,21,DET,43,30,26.4,4.0,10.0,0.4,1.2,3.6,0.34,2.8,6.4,0.433,0.46,0.8,1.0,0.81,0.4,2.5,2.9,5.7,1.2,0.4,1.9,2.8,10.0,2023,0,0,0,Detroit Pistons,11,31,0.262,15.5,111.8,119.0,-6.56
Marvin Bagley III,C,23,DET,25,13,21.3,4.3,8.0,0.537,0.4,1.3,0.273,4.0,6.7,0.589,0.56,1.6,2.1,0.769,2.1,3.8,5.9,0.6,0.5,0.7,0.9,2.0,10.6,2023,0,0,0,Detroit Pistons,11,31,0.262,15.5,111.8,119.0,-6.56
Nerlens Noel,C,28,DET,12,3,11.8,1.0,2.3,0.444,0.1,0.2,0.5,0.9,2.1,0.44,0.463,0.3,0.5,0.667,0.6,2.3,2.8,0.6,1.1,0.8,0.5,1.8,2.4,2023,0,0,0,Detroit Pistons,11,31,0.262,15.5,111.8,119.0,-6.56
Rodney McGruder,SG,31,DET,18,2,10.6,1.1,2.9,0.365,0.8,2.1,0.395,0.2,0.8,0.286,0.51,0.4,0.6,0.727,0.6,0.8,1.4,0.6,0.3,0.0,0.4,0.8,3.4,2023,0,0,0,Detroit Pistons,11,31,0.262,15.5,111.8,119.0,-6.56
Saddiq Bey,SF,23,DET,42,24,28.5,4.5,11.1,0.4,1.7,5.3,0.326,2.7,5.9,0.466,0.476,3.5,4.1,0.854,1.0,3.3,4.3,1.5,0.9,0.2,1.1,1.6,14.1,2023,0,0,0,Detroit Pistons,11,31,0.262,15.5,111.8,119.0,-6.56
Alex Caruso,PG,28,CHI,37,16,24.3,1.9,4.3,0.437,0.9,2.2,0.4,1.0,2.1,0.474,0.538,0.8,1.1,0.738,0.5,2.2,2.8,3.4,1.6,0.7,1.4,2.4,5.4,2023,0,0,0,Chicago Bulls,18,21,0.462,7.0,114.8,115.4,0.24
Andre Drummond,C,29,CHI,34,0,13.5,2.6,4.4,0.601,0.0,0.1,0.0,2.6,4.3,0.61,0.601,0.9,1.7,0.561,2.2,4.6,6.8,0.7,0.6,0.3,1.1,2.0,6.2,2023,0,0,0,Chicago Bulls,18,21,0.462,7.0,114.8,115.4,0.24
Ayo Dosunmu,SG,23,CHI,41,33,27.4,3.8,7.7,0.498,0.9,2.6,0.324,3.0,5.0,0.589,0.554,1.0,1.2,0.796,0.7,2.5,3.1,2.6,0.7,0.3,1.4,2.5,9.5,2023,0,0,0,Chicago Bulls,18,21,0.462,7.0,114.8,115.4,0.24
Coby White,SG,22,CHI,35,0,21.1,2.9,6.9,0.415,1.6,4.5,0.358,1.2,2.3,0.524,0.533,0.8,1.1,0.784,0.2,2.5,2.6,1.9,0.7,0.1,0.8,1.7,8.2,2023,0,0,0,Chicago Bulls,18,21,0.462,7.0,114.8,115.4,0.24
Dalen Terry,SG,20,CHI,15,0,3.5,0.3,0.9,0.308,0.1,0.3,0.25,0.2,0.6,0.333,0.346,0.2,0.3,0.75,0.0,0.3,0.3,0.5,0.1,0.1,0.3,0.3,0.8,2023,0,0,0,Chicago Bulls,18,21,0.462,7.0,114.8,115.4,0.24
DeMar DeRozan,SF,33,CHI,41,41,36.0,9.3,18.4,0.506,0.4,1.4,0.271,8.9,16.9,0.526,0.517,7.1,8.0,0.887,0.5,4.5,5.0,4.9,1.0,0.5,2.0,2.7,26.1,2023,0,0,0,Chicago Bulls,18,21,0.462,7.0,114.8,115.4,0.24
Derrick Jones Jr.,SF,25,CHI,32,0,14.9,2.0,3.8,0.528,0.4,1.2,0.359,1.6,2.6,0.607,0.585,1.2,1.5,0.792,0.8,1.7,2.5,0.6,0.4,0.7,0.5,1.5,5.7,2023,0,0,0,Chicago Bulls,18,21,0.462,7.0,114.8,115.4,0.24
Goran Dragić,PG,36,CHI,40,0,16.6,2.9,6.7,0.434,1.0,2.8,0.373,1.9,3.9,0.478,0.511,0.6,0.9,0.639,0.3,1.2,1.5,2.9,0.2,0.1,1.2,1.4,7.4,2023,0,0,0,Chicago Bulls,18,21,0.462,7.0,114.8,115.4,0.24
Javonte Green,SG,29,CHI,28,1,16.0,2.2,3.7,0.587,0.5,1.2,0.382,1.7,2.5,0.686,0.649,1.0,1.5,0.674,0.9,2.0,2.9,0.8,0.8,0.7,0.7,1.7,5.9,2023,0,0,0,Chicago Bulls,18,21,0.462,7.0,114.8,115.4,0.24
Malcolm Hill,SF,27,CHI,3,0,0.3,0.0,0.0,,0.0,0.0,,0.0,0.0,,,0.0,0.0,,0.0,0.3,0.3,0.0,0.0,0.0,0.0,0.0,0.0,2023,0,0,0,Chicago Bulls,18,21,0.462,7.0,114.8,115.4,0.24
Marko Simonovic,C,23,CHI,1,0,2.0,0.0,1.0,0.0,0.0,1.0,0.0,0.0,0.0,,0.0,0.0,0.0,,0.0,0.0,0.0,0.0,0.0,0.0,0.0,0.0,0.0,2023,0,0,0,Chicago Bulls,18,21,0.462,7.0,114.8,115.4,0.24
Nikola Vučević,C,32,CHI,43,43,33.5,6.8,13.0,0.521,1.7,4.4,0.377,5.1,8.6,0.595,0.585,1.7,2.0,0.83,2.0,8.8,10.9,3.1,0.6,0.9,1.8,2.1,16.9,2023,0,0,0,Chicago Bulls,18,21,0.462,7.0,114.8,115.4,0.24
Patrick Williams,PF,21,CHI,43,42,29.0,3.7,8.2,0.459,1.4,3.5,0.411,2.3,4.7,0.495,0.547,1.1,1.2,0.904,1.0,3.1,4.1,1.3,0.7,0.9,1.3,2.1,10.0,2023,0,0,0,Chicago Bulls,18,21,0.462,7.0,114.8,115.4,0.24
Tony Bradley,C,25,CHI,9,0,2.8,0.4,0.8,0.571,0.2,0.4,0.5,0.2,0.3,0.667,0.714,0.2,0.2,1.0,0.1,1.0,1.1,0.1,0.1,0.0,0.1,0.1,1.3,2023,0,0,0,Chicago Bulls,18,21,0.462,7.0,114.8,115.4,0.24
Zach LaVine,SG,27,CHI,39,39,35.6,8.4,18.2,0.464,3.1,7.8,0.392,5.4,10.3,0.519,0.549,3.9,4.6,0.84,0.6,3.9,4.5,4.3,1.0,0.2,2.5,2.2,23.8,2023,0,0,0,Chicago Bulls,18,21,0.462,7.0,114.8,115.4,0.24
Alex Len,C,29,SAC,10,1,4.0,0.5,1.0,0.5,0.0,0.1,0.0,0.5,0.9,0.556,0.5,0.3,0.4,0.75,0.3,1.0,1.3,0.3,0.0,0.0,0.3,0.7,1.3,2023,0,0,0,Sacramento Kings,20,17,0.541,0.0,117.9,116.8,1.18
Chima Moneke,SF,27,SAC,2,0,4.0,0.5,1.0,0.5,0.0,0.0,,0.5,1.0,0.5,0.5,0.0,1.0,0.0,1.0,0.0,1.0,0.5,0.0,0.0,1.0,1.0,1.0,2023,0,0,0,Sacramento Kings,20,17,0.541,0.0,117.9,116.8,1.18
Chimezie Metu,C,25,SAC,29,0,10.6,2.1,3.4,0.6,0.2,0.7,0.238,1.9,2.7,0.696,0.625,0.7,0.8,0.826,0.7,2.4,3.1,0.7,0.3,0.2,0.7,1.2,5.0,2023,0,0,0,Sacramento Kings,20,17,0.541,0.0,117.9,116.8,1.18
Davion Mitchell,PG,24,SAC,40,3,19.1,2.4,5.3,0.451,0.8,2.4,0.32,1.6,2.9,0.56,0.523,0.3,0.4,0.706,0.2,1.3,1.5,2.3,0.6,0.3,1.0,1.5,5.9,2023,0,0,0,Sacramento Kings,20,17,0.541,0.0,117.9,116.8,1.18
De'Aaron Fox,PG,25,SAC,38,38,33.0,8.8,17.5,0.505,1.7,4.9,0.337,7.2,12.6,0.57,0.552,4.5,5.7,0.8,0.4,4.0,4.4,6.1,0.9,0.4,2.7,2.4,23.8,2023,0,0,0,Sacramento Kings,20,17,0.541,0.0,117.9,116.8,1.18
Domantas Sabonis,C,26,SAC,40,40,34.3,7.0,11.4,0.613,0.5,1.2,0.388,6.5,10.2,0.64,0.634,4.5,6.0,0.745,3.0,9.5,12.5,7.1,0.8,0.5,2.6,3.6,18.9,2023,0,0,0,Sacramento Kings,20,17,0.541,0.0,117.9,116.8,1.18
Harrison Barnes,PF,30,SAC,41,41,31.9,4.6,9.6,0.481,1.6,4.4,0.356,3.0,5.2,0.587,0.562,4.1,5.0,0.823,1.0,4.1,5.1,1.7,0.9,0.1,1.2,1.3,14.9,2023,0,0,0,Sacramento Kings,20,17,0.541,0.0,117.9,116.8,1.18
KZ Okpala,PF,23,SAC,29,3,8.0,0.6,1.2,0.471,0.2,0.6,0.389,0.3,0.6,0.563,0.574,0.2,0.2,1.0,0.2,0.9,1.1,0.4,0.2,0.2,0.2,1.3,1.6,2023,0,0,0,Sacramento Kings,20,17,0.541,0.0,117.9,116.8,1.18
Keegan Murray,SF,22,SAC,39,37,28.6,4.2,9.8,0.433,2.4,5.8,0.404,1.9,3.9,0.477,0.554,0.9,1.2,0.783,0.9,2.8,3.8,0.9,0.8,0.6,1.0,2.2,11.7,2023,0,0,0,Sacramento Kings,20,17,0.541,0.0,117.9,116.8,1.18
Keon Ellis,SG,23,SAC,5,0,2.2,0.2,0.4,0.5,0.2,0.4,0.5,0.0,0.0,,0.75,0.0,0.0,,0.0,0.4,0.4,0.2,0.0,0.0,0.0,0.4,0.6,2023,0,0,0,Sacramento Kings,20,17,0.541,0.0,117.9,116.8,1.18
Kevin Huerter,SG,24,SAC,38,38,31.3,5.7,11.7,0.482,3.0,7.1,0.42,2.7,4.7,0.576,0.609,1.6,2.1,0.728,0.6,2.8,3.3,2.9,1.1,0.3,1.6,2.7,15.8,2023,0,0,0,Sacramento Kings,20,17,0.541,0.0,117.9,116.8,1.18
Malik Monk,SG,24,SAC,40,0,22.8,4.9,11.1,0.439,1.8,5.6,0.327,3.1,5.5,0.552,0.521,2.5,2.7,0.907,0.5,1.9,2.4,3.9,0.6,0.2,1.9,1.6,14.0,2023,0,0,0,Sacramento Kings,20,17,0.541,0.0,117.9,116.8,1.18
Matthew Dellavedova,PG,32,SAC,19,0,5.9,0.5,1.4,0.385,0.3,0.6,0.417,0.3,0.7,0.357,0.481,0.1,0.2,0.333,0.1,0.3,0.3,1.2,0.3,0.0,0.3,0.6,1.4,2023,0,0,0,Sacramento Kings,20,17,0.541,0.0,117.9,116.8,1.18
Neemias Queta,C,23,SAC,4,0,6.3,1.5,2.0,0.75,0.0,0.0,,1.5,2.0,0.75,0.75,0.0,0.5,0.0,1.0,1.3,2.3,0.3,0.0,0.3,0.3,1.8,3.0,2023,0,0,0,Sacramento Kings,20,17,0.541,0.0,117.9,116.8,1.18
PJ Dozier,SG,26,SAC,3,0,2.3,0.3,0.7,0.5,0.3,0.7,0.5,0.0,0.0,,0.75,0.0,0.0,,0.0,0.3,0.3,0.0,0.3,0.0,0.0,0.0,1.0,2023,0,0,0,Sacramento Kings,20,17,0.541,0.0,117.9,116.8,1.18
Richaun Holmes,C,29,SAC,27,0,8.8,1.2,1.9,0.647,0.1,0.1,0.75,1.1,1.7,0.638,0.676,0.3,0.3,0.778,0.7,1.3,2.0,0.1,0.1,0.3,0.3,1.4,2.8,2023,0,0,0,Sacramento Kings,20,17,0.541,0.0,117.9,116.8,1.18
Terence Davis,SG,25,SAC,33,4,13.3,2.4,5.7,0.422,1.3,3.7,0.35,1.1,1.9,0.563,0.537,0.6,0.7,0.864,0.5,2.1,2.5,1.3,0.8,0.3,0.9,1.8,6.7,2023,0,0,0,Sacramento Kings,20,17,0.541,0.0,117.9,116.8,1.18
Trey Lyles,PF,27,SAC,35,0,15.1,2.3,5.2,0.453,1.1,3.2,0.36,1.2,2.0,0.6,0.564,1.0,1.3,0.756,1.0,2.7,3.7,0.9,0.3,0.5,0.9,1.2,6.8,2023,0,0,0,Sacramento Kings,20,17,0.541,0.0,117.9,116.8,1.18
Alize Johnson,PF,26,SAS,4,0,7.5,0.8,1.5,0.5,0.0,0.5,0.0,0.8,1.0,0.75,0.5,0.3,0.5,0.5,0.5,2.0,2.5,0.3,0.3,0.0,1.0,0.8,1.8,2023,0,0,0,San Antonio Spurs,13,26,0.333,12.5,111.9,120.6,-8.52
Blake Wesley,SG,19,SAS,3,0,10.0,2.3,3.7,0.636,0.7,1.0,0.667,1.7,2.7,0.625,0.727,0.7,1.3,0.5,0.3,0.7,1.0,1.3,0.0,0.0,1.3,1.3,6.0,2023,0,0,0,San Antonio Spurs,13,26,0.333,12.5,111.9,120.6,-8.52
Charles Bassey,C,22,SAS,24,1,13.6,2.0,2.9,0.671,0.1,0.3,0.333,1.9,2.7,0.703,0.686,0.7,1.0,0.667,1.8,3.4,5.2,1.2,0.3,0.9,1.2,2.1,4.7,2023,0,0,0,San Antonio Spurs,13,26,0.333,12.5,111.9,120.6,-8.52
Devin Vassell,SG,22,SAS,29,24,31.3,7.1,16.0,0.445,2.8,7.0,0.404,4.3,9.0,0.477,0.533,2.4,3.0,0.793,0.2,3.8,4.0,3.6,1.2,0.4,1.6,1.4,19.4,2023,0,0,0,San Antonio Spurs,13,26,0.333,12.5,111.9,120.6,-8.52
Dominick Barlow,SF,19,SAS,4,0,6.5,0.8,1.8,0.429,0.0,0.8,0.0,0.8,1.0,0.75,0.429,1.0,1.0,1.0,0.5,0.3,0.8,0.8,0.3,0.0,0.0,0.8,2.5,2023,0,0,0,San Antonio Spurs,13,26,0.333,12.5,111.9,120.6,-8.52
Doug McDermott,SF,31,SAS,38,0,20.5,3.9,8.0,0.487,1.9,4.5,0.421,2.0,3.5,0.571,0.605,0.8,1.1,0.738,0.3,2.1,2.4,1.4,0.1,0.2,0.9,1.7,10.5,2023,0,0,0,San Antonio Spurs,13,26,0.333,12.5,111.9,120.6,-8.52
Gorgui Dieng,C,33,SAS,13,1,11.6,1.5,3.7,0.417,0.8,2.5,0.303,0.8,1.2,0.667,0.521,0.2,0.3,0.75,1.1,2.2,3.2,2.0,0.1,0.5,0.9,1.8,4.1,2023,0,0,0,San Antonio Spurs,13,26,0.333,12.5,111.9,120.6,-8.52
Isaiah Roby,PF,24,SAS,32,1,10.7,1.5,3.4,0.44,0.4,1.5,0.298,1.1,1.9,0.548,0.505,0.4,0.9,0.448,0.4,2.0,2.4,1.0,0.4,0.2,0.6,1.1,3.8,2023,0,0,0,San Antonio Spurs,13,26,0.333,12.5,111.9,120.6,-8.52
Jakob Poeltl,C,27,SAS,34,34,26.4,5.1,8.2,0.624,0.0,0.0,,5.1,8.2,0.624,0.624,1.7,2.9,0.592,3.5,6.0,9.5,2.9,0.9,1.2,2.1,2.4,11.9,2023,0,0,0,San Antonio Spurs,13,26,0.333,12.5,111.9,120.6,-8.52
Jeremy Sochan,PF,19,SAS,37,34,25.5,3.6,8.1,0.448,0.4,2.0,0.2,3.2,6.1,0.531,0.473,1.0,1.6,0.61,1.5,3.2,4.8,2.4,0.8,0.5,1.8,2.7,8.6,2023,0,0,0,San Antonio Spurs,13,26,0.333,12.5,111.9,120.6,-8.52
Jordan Hall,SF,21,SAS,9,0,9.2,1.0,3.1,0.321,0.3,1.7,0.2,0.7,1.4,0.462,0.375,0.8,1.0,0.778,0.3,1.0,1.3,1.2,0.1,0.0,0.8,0.7,3.1,2023,0,0,0,San Antonio Spurs,13,26,0.333,12.5,111.9,120.6,-8.52
Josh Richardson,SG,29,SAS,33,3,22.9,4.0,9.2,0.434,1.7,4.8,0.35,2.3,4.4,0.528,0.526,1.3,1.5,0.875,0.6,1.9,2.5,3.3,0.8,0.2,1.5,1.7,11.0,2023,0,0,0,San Antonio Spurs,13,26,0.333,12.5,111.9,120.6,-8.52
Joshua Primo,SG,20,SAS,4,0,23.3,2.3,6.5,0.346,0.8,3.0,0.25,1.5,3.5,0.429,0.404,1.8,2.3,0.778,0.5,2.8,3.3,4.5,0.3,0.5,2.8,2.0,7.0,2023,0,0,0,San Antonio Spurs,13,26,0.333,12.5,111.9,120.6,-8.52
Keita Bates-Diop,SF,27,SAS,31,12,17.5,2.9,5.6,0.52,0.5,1.4,0.372,2.4,4.2,0.569,0.566,1.1,1.4,0.814,1.1,1.6,2.7,0.7,0.6,0.2,0.8,0.8,7.5,2023,0,0,0,San Antonio Spurs,13,26,0.333,12.5,111.9,120.6,-8.52
Keldon Johnson,SF,23,SAS,37,37,32.0,7.4,17.3,0.425,2.4,7.0,0.344,4.9,10.3,0.48,0.495,4.1,5.2,0.773,0.8,3.9,4.7,2.6,0.7,0.2,2.2,1.9,21.2,2023,0,0,0,San Antonio Spurs,13,26,0.333,12.5,111.9,120.6,-8.52
Malaki Branham,SF,19,SAS,29,4,19.4,2.8,6.6,0.426,1.0,3.2,0.304,1.8,3.4,0.541,0.5,0.7,0.9,0.8,0.2,1.5,1.7,1.7,0.4,0.1,1.1,1.2,7.2,2023,0,0,0,San Antonio Spurs,13,26,0.333,12.5,111.9,120.6,-8.52
Romeo Langford,SG,23,SAS,28,15,20.0,3.1,6.4,0.486,0.4,1.4,0.256,2.8,5.0,0.55,0.514,0.8,1.3,0.639,1.5,1.3,2.8,1.2,0.6,0.4,0.7,1.7,7.4,2023,0,0,0,San Antonio Spurs,13,26,0.333,12.5,111.9,120.6,-8.52
Stanley Johnson,SF,26,SAS,16,0,13.7,2.3,3.9,0.587,0.8,1.7,0.481,1.5,2.3,0.667,0.69,0.8,1.4,0.591,0.4,2.1,2.5,2.2,0.4,0.3,0.8,1.7,6.3,2023,0,0,0,San Antonio Spurs,13,26,0.333,12.5,111.9,120.6,-8.52
Tre Jones,PG,23,SAS,42,42,29.9,5.3,11.7,0.448,0.8,2.7,0.292,4.5,9.0,0.495,0.482,2.4,2.7,0.894,0.8,2.9,3.7,6.4,1.4,0.2,1.9,1.6,13.7,2023,0,0,0,San Antonio Spurs,13,26,0.333,12.5,111.9,120.6,-8.52
Zach Collins,C,25,SAS,32,7,20.5,3.7,6.8,0.539,0.6,1.6,0.365,3.1,5.2,0.594,0.583,1.5,2.1,0.716,2.0,3.8,5.8,2.5,0.4,0.8,2.0,3.4,9.4,2023,0,0,0,San Antonio Spurs,13,26,0.333,12.5,111.9,120.6,-8.52
Alondes Williams,SG,23,BRK,1,0,5.0,0.0,0.0,,0.0,0.0,,0.0,0.0,,,0.0,0.0,,0.0,1.0,1.0,0.0,0.0,0.0,2.0,1.0,0.0,2023,0,0,0,Brooklyn Nets,26,13,0.667,1.0,114.9,110.8,4.02
Ben Simmons,PG,26,BRK,31,26,27.2,3.4,5.9,0.582,0.0,0.0,0.0,3.4,5.8,0.586,0.582,0.6,1.5,0.413,1.0,5.7,6.7,6.2,1.5,0.5,2.1,3.5,7.5,2023,0,0,0,Brooklyn Nets,26,13,0.667,1.0,114.9,110.8,4.02
Cam Thomas,SG,21,BRK,27,0,13.6,2.1,5.1,0.413,0.4,1.1,0.387,1.7,4.0,0.421,0.457,1.7,2.2,0.783,0.1,1.2,1.3,1.4,0.3,0.1,0.7,0.9,6.4,2023,0,0,0,Brooklyn Nets,26,13,0.667,1.0,114.9,110.8,4.02
David Duke Jr.,SG,23,BRK,14,0,9.0,1.4,3.1,0.442,0.0,0.4,0.0,1.4,2.6,0.514,0.442,0.3,0.6,0.5,0.4,0.6,1.1,0.9,0.4,0.1,0.9,1.6,3.0,2023,0,0,0,Brooklyn Nets,26,13,0.667,1.0,114.9,110.8,4.02
Day'Ron Sharpe,C,21,BRK,20,1,8.9,1.5,2.9,0.526,0.2,0.3,0.8,1.3,2.6,0.5,0.561,0.7,1.0,0.684,1.3,1.9,3.2,0.7,0.2,0.5,0.8,1.7,3.9,2023,0,0,0,Brooklyn Nets,26,13,0.667,1.0,114.9,110.8,4.02
Edmond Sumner,SG,27,BRK,34,9,14.0,2.3,5.0,0.456,0.5,1.7,0.281,1.8,3.3,0.545,0.503,1.6,1.7,0.931,0.3,1.1,1.4,1.4,0.8,0.2,0.9,1.5,6.6,2023,0,0,0,Brooklyn Nets,26,13,0.667,1.0,114.9,110.8,4.02
Joe Harris,SG,31,BRK,34,19,24.6,3.0,6.9,0.438,1.8,4.6,0.385,1.3,2.3,0.544,0.566,0.4,0.6,0.667,0.4,2.4,2.8,1.5,0.6,0.3,0.6,2.6,8.2,2023,0,0,0,Brooklyn Nets,26,13,0.667,1.0,114.9,110.8,4.02
Kessler Edwards,SF,22,BRK,13,1,5.7,0.5,1.7,0.273,0.2,0.8,0.182,0.3,0.8,0.364,0.318,0.1,0.2,0.5,0.5,0.6,1.1,0.2,0.2,0.1,0.3,0.2,1.2,2023,0,0,0,Brooklyn Nets,26,13,0.667,1.0,114.9,110.8,4.02
Kevin Durant,PF,34,BRK,39,39,36.0,10.5,18.8,0.559,1.8,4.8,0.376,8.7,14.0,0.622,0.607,6.8,7.3,0.934,0.4,6.4,6.7,5.3,0.8,1.5,3.5,2.4,29.7,2023,0,0,0,Brooklyn Nets,26,13,0.667,1.0,114.9,110.8,4.02
Kyrie Irving,PG,30,BRK,31,31,36.6,9.6,19.9,0.484,3.1,8.6,0.362,6.5,11.3,0.577,0.562,3.5,3.9,0.902,0.9,3.9,4.8,4.8,0.8,0.8,2.2,2.6,26.0,2023,0,0,0,Brooklyn Nets,26,13,0.667,1.0,114.9,110.8,4.02
Markieff Morris,PF,33,BRK,19,1,11.4,1.4,3.2,0.443,1.0,2.1,0.487,0.4,1.2,0.364,0.598,0.3,0.3,1.0,0.5,1.8,2.3,1.0,0.3,0.2,0.6,1.2,4.2,2023,0,0,0,Brooklyn Nets,26,13,0.667,1.0,114.9,110.8,4.02
Nic Claxton,C,23,BRK,38,38,28.4,5.3,7.2,0.734,0.0,0.0,0.0,5.3,7.2,0.736,0.734,1.2,2.6,0.469,2.4,5.9,8.3,1.4,0.8,2.6,1.2,2.7,11.8,2023,0,0,0,Brooklyn Nets,26,13,0.667,1.0,114.9,110.8,4.02
Patty Mills,PG,34,BRK,25,1,12.2,2.0,4.2,0.471,1.2,2.9,0.417,0.8,1.3,0.594,0.615,0.6,0.6,0.933,0.2,0.8,1.0,1.3,0.3,0.0,0.6,0.5,5.7,2023,0,0,0,Brooklyn Nets,26,13,0.667,1.0,114.9,110.8,4.02
Royce O'Neale,SF,29,BRK,38,38,35.2,3.3,8.2,0.402,2.3,5.6,0.41,1.0,2.6,0.384,0.542,0.5,0.8,0.69,0.7,4.2,4.9,4.1,0.9,0.8,1.6,3.1,9.4,2023,0,0,0,Brooklyn Nets,26,13,0.667,1.0,114.9,110.8,4.02
Seth Curry,SG,32,BRK,29,1,21.3,3.4,7.6,0.452,1.7,4.1,0.424,1.7,3.5,0.485,0.566,0.7,0.8,0.955,0.2,1.8,2.0,2.1,0.6,0.2,1.0,1.8,9.3,2023,0,0,0,Brooklyn Nets,26,13,0.667,1.0,114.9,110.8,4.02
T.J. Warren,PF,29,BRK,17,0,20.4,4.4,8.3,0.532,0.7,2.0,0.353,3.7,6.3,0.589,0.574,0.9,1.1,0.889,0.6,2.4,3.1,1.4,0.8,0.4,0.7,1.6,10.5,2023,0,0,0,Brooklyn Nets,26,13,0.667,1.0,114.9,110.8,4.02
Yuta Watanabe,SF,28,BRK,28,0,18.4,2.6,4.8,0.552,1.4,2.8,0.519,1.2,2.0,0.596,0.701,0.5,0.8,0.714,0.6,2.1,2.7,0.9,0.5,0.4,0.5,1.5,7.3,2023,0,0,0,Brooklyn Nets,26,13,0.667,1.0,114.9,110.8,4.02
Alperen Şengün,C,20,HOU,38,35,26.7,5.6,10.2,0.552,0.1,0.7,0.2,5.5,9.6,0.576,0.558,3.1,3.9,0.773,3.3,5.3,8.6,2.9,0.8,0.9,2.2,3.4,14.4,2023,0,0,0,Houston Rockets,10,29,0.256,15.5,109.4,116.2,-6.45
Boban Marjanović,C,34,HOU,14,0,4.1,1.1,1.6,0.682,0.0,0.1,0.0,1.1,1.5,0.714,0.682,0.8,1.0,0.786,0.5,1.0,1.5,0.2,0.1,0.1,0.2,0.1,2.9,2023,0,0,0,Houston Rockets,10,29,0.256,15.5,109.4,116.2,-6.45
Bruno Fernando,C,24,HOU,22,4,11.2,1.4,2.5,0.554,0.0,0.0,0.0,1.4,2.5,0.564,0.554,0.8,1.3,0.621,1.4,2.1,3.5,1.0,0.2,0.7,0.5,2.1,3.6,2023,0,0,0,Houston Rockets,10,29,0.256,15.5,109.4,116.2,-6.45
Daishen Nix,PG,20,HOU,34,0,13.4,1.1,3.1,0.362,0.7,2.1,0.338,0.4,1.0,0.412,0.476,0.5,0.7,0.696,0.3,1.2,1.5,2.4,0.7,0.1,1.3,0.8,3.4,2023,0,0,0,Houston Rockets,10,29,0.256,15.5,109.4,116.2,-6.45
Eric Gordon,SG,34,HOU,36,36,29.6,4.0,9.4,0.423,1.9,5.3,0.36,2.1,4.1,0.503,0.524,1.8,2.3,0.805,0.3,1.7,1.9,2.5,0.5,0.3,1.6,0.8,11.7,2023,0,0,0,Houston Rockets,10,29,0.256,15.5,109.4,116.2,-6.45
Garrison Mathews,SG,26,HOU,35,0,12.7,1.3,3.7,0.359,1.2,3.4,0.356,0.1,0.3,0.4,0.523,0.9,0.9,0.939,0.2,1.0,1.2,0.5,0.6,0.1,0.3,1.3,4.7,2023,0,0,0,Houston Rockets,10,29,0.256,15.5,109.4,116.2,-6.45
Jabari Smith Jr.,PF,19,HOU,41,41,29.9,4.3,10.9,0.391,1.8,5.7,0.316,2.5,5.2,0.472,0.473,1.8,2.1,0.818,1.3,5.8,7.1,0.9,0.6,1.0,1.3,3.1,12.1,2023,0,0,0,Houston Rockets,10,29,0.256,15.5,109.4,116.2,-6.45
Jae'Sean Tate,SF,27,HOU,7,2,20.4,2.7,6.4,0.422,0.6,1.9,0.308,2.1,4.6,0.469,0.467,0.7,0.9,0.833,1.7,1.9,3.6,3.4,1.3,0.1,1.4,3.4,6.7,2023,0,0,0,Houston Rockets,10,29,0.256,15.5,109.4,116.2,-6.45
Jalen Green,SG,20,HOU,42,42,34.5,7.2,17.7,0.406,2.4,7.5,0.326,4.8,10.2,0.465,0.475,4.6,5.9,0.793,0.6,3.7,4.3,3.6,0.8,0.2,2.9,1.7,21.5,2023,0,0,0,Houston Rockets,10,29,0.256,15.5,109.4,116.2,-6.45
Josh Christopher,SG,21,HOU,24,0,6.9,1.1,2.7,0.4,0.2,0.8,0.2,0.9,1.9,0.489,0.431,0.3,0.3,0.75,0.2,0.8,1.0,0.6,0.2,0.0,0.6,0.7,2.6,2023,0,0,0,Houston Rockets,10,29,0.256,15.5,109.4,116.2,-6.45
Kenyon Martin Jr.,SF,22,HOU,42,9,24.2,4.2,7.6,0.55,0.9,2.8,0.322,3.3,4.8,0.685,0.61,1.4,2.2,0.624,1.3,3.5,4.8,1.4,0.4,0.3,1.1,1.6,10.6,2023,0,0,0,Houston Rockets,10,29,0.256,15.5,109.4,116.2,-6.45
Kevin Porter Jr.,PG,22,HOU,40,40,34.0,6.7,15.4,0.437,2.2,6.4,0.346,4.5,9.0,0.501,0.509,3.5,4.6,0.766,1.4,4.1,5.5,5.6,1.3,0.4,3.6,2.7,19.2,2023,0,0,0,Houston Rockets,10,29,0.256,15.5,109.4,116.2,-6.45
Tari Eason,PF,21,HOU,42,0,18.6,3.0,7.0,0.426,0.7,2.0,0.36,2.3,5.0,0.452,0.478,1.1,1.4,0.8,1.9,3.3,5.2,0.9,1.1,0.5,1.0,2.2,7.9,2023,0,0,0,Houston Rockets,10,29,0.256,15.5,109.4,116.2,-6.45
Trevor Hudgins,PG,23,HOU,1,0,4.0,1.0,1.0,1.0,1.0,1.0,1.0,0.0,0.0,,1.5,0.0,0.0,,0.0,0.0,0.0,0.0,0.0,0.0,0.0,0.0,3.0,2023,0,0,0,Houston Rockets,10,29,0.256,15.5,109.4,116.2,-6.45
TyTy Washington Jr.,PG,21,HOU,12,0,10.7,1.3,3.8,0.348,0.3,1.8,0.143,1.1,2.1,0.52,0.38,0.3,0.5,0.5,0.1,1.3,1.3,1.3,0.4,0.0,0.3,1.2,3.2,2023,0,0,0,Houston Rockets,10,29,0.256,15.5,109.4,116.2,-6.45
Usman Garuba,PF,20,HOU,40,1,14.3,1.3,2.4,0.526,0.2,0.6,0.409,1.1,1.9,0.56,0.572,0.5,0.9,0.559,1.9,2.9,4.8,1.0,0.7,0.5,0.8,1.8,3.3,2023,0,0,0,Houston Rockets,10,29,0.256,15.5,109.4,116.2,-6.45
Amir Coffey,SG,25,LAC,32,7,13.9,1.2,3.1,0.374,0.3,0.9,0.321,0.9,2.2,0.394,0.419,1.1,1.3,0.814,0.4,0.8,1.2,1.3,0.2,0.1,0.4,1.1,3.7,2023,0,0,0,Los Angeles Clippers,21,20,0.512,1.0,109.2,110.2,-1.72
Brandon Boston Jr.,SG,21,LAC,15,0,9.7,1.7,4.7,0.366,0.6,1.4,0.429,1.1,3.3,0.34,0.43,1.3,1.7,0.769,0.3,0.9,1.2,0.9,0.3,0.0,0.3,0.6,5.4,2023,0,0,0,Los Angeles Clippers,21,20,0.512,1.0,109.2,110.2,-1.72
Ivica Zubac,C,25,LAC,42,42,29.1,4.0,6.4,0.617,0.0,0.0,0.0,4.0,6.4,0.622,0.617,2.2,3.2,0.699,3.4,7.0,10.5,1.1,0.4,1.3,2.0,3.0,10.1,2023,0,0,0,Los Angeles Clippers,21,20,0.512,1.0,109.2,110.2,-1.72
Jason Preston,PG,23,LAC,7,0,9.1,1.1,3.0,0.381,0.6,1.6,0.364,0.6,1.4,0.4,0.476,0.0,0.3,0.0,0.1,1.3,1.4,2.0,0.1,0.0,0.6,0.7,2.9,2023,0,0,0,Los Angeles Clippers,21,20,0.512,1.0,109.2,110.2,-1.72
John Wall,PG,32,LAC,34,3,22.2,4.1,9.9,0.408,1.0,3.2,0.303,3.1,6.7,0.459,0.457,2.3,3.3,0.681,0.4,2.3,2.7,5.2,0.8,0.4,2.4,1.7,11.4,2023,0,0,0,Los Angeles Clippers,21,20,0.512,1.0,109.2,110.2,-1.72
Kawhi Leonard,SF,31,LAC,20,18,29.7,6.8,14.1,0.479,1.1,3.8,0.289,5.7,10.3,0.549,0.518,3.9,4.6,0.837,1.2,5.1,6.2,3.9,1.1,0.3,1.6,1.4,18.5,2023,0,0,0,Los Angeles Clippers,21,20,0.512,1.0,109.2,110.2,-1.72
Luke Kennard,SG,26,LAC,29,8,22.1,3.1,6.3,0.489,1.9,4.0,0.462,1.2,2.3,0.537,0.636,0.7,0.7,0.95,0.2,2.3,2.5,1.2,0.6,0.1,0.9,1.4,8.7,2023,0,0,0,Los Angeles Clippers,21,20,0.512,1.0,109.2,110.2,-1.72
Marcus Morris,PF,33,LAC,41,41,29.5,5.0,11.2,0.441,2.1,5.5,0.382,2.9,5.7,0.498,0.535,1.3,1.6,0.803,0.5,4.2,4.8,1.7,0.7,0.5,1.0,2.3,13.3,2023,0,0,0,Los Angeles Clippers,21,20,0.512,1.0,109.2,110.2,-1.72
Moses Brown,C,23,LAC,31,1,7.7,1.7,2.7,0.619,0.0,0.0,,1.7,2.7,0.619,0.619,0.9,2.1,0.446,1.6,2.1,3.7,0.1,0.1,0.4,0.3,1.1,4.3,2023,0,0,0,Los Angeles Clippers,21,20,0.512,1.0,109.2,110.2,-1.72
Moussa Diabaté,PF,21,LAC,8,1,11.3,1.6,3.0,0.542,0.0,0.0,,1.6,3.0,0.542,0.542,0.9,1.1,0.778,2.5,1.5,4.0,0.3,0.4,0.1,0.6,1.3,4.1,2023,0,0,0,Los Angeles Clippers,21,20,0.512,1.0,109.2,110.2,-1.72
Nicolas Batum,PF,34,LAC,41,8,21.8,2.1,5.0,0.422,1.5,3.9,0.391,0.6,1.0,0.535,0.576,0.5,0.7,0.633,0.9,3.4,4.4,1.4,0.7,0.7,0.8,2.1,6.2,2023,0,0,0,Los Angeles Clippers,21,20,0.512,1.0,109.2,110.2,-1.72
Norman Powell,SG,29,LAC,34,5,25.3,5.3,11.3,0.473,1.7,4.4,0.389,3.6,6.9,0.526,0.548,3.2,4.1,0.773,0.3,2.6,2.9,1.7,0.8,0.4,1.7,2.0,15.6,2023,0,0,0,Los Angeles Clippers,21,20,0.512,1.0,109.2,110.2,-1.72
Paul George,SF,32,LAC,30,30,33.9,8.1,18.0,0.451,3.1,8.0,0.385,5.0,10.0,0.503,0.536,4.5,5.0,0.887,0.6,5.3,6.0,5.1,1.5,0.4,3.5,2.6,23.7,2023,0,0,0,Los Angeles Clippers,21,20,0.512,1.0,109.2,110.2,-1.72
Reggie Jackson,PG,32,LAC,39,38,27.6,4.2,10.3,0.413,1.5,4.3,0.341,2.8,6.0,0.464,0.484,1.4,1.5,0.915,0.5,2.0,2.4,3.7,0.6,0.1,2.0,1.9,11.3,2023,0,0,0,Los Angeles Clippers,21,20,0.512,1.0,109.2,110.2,-1.72
Robert Covington,PF,32,LAC,25,0,16.6,2.0,5.1,0.394,0.9,3.0,0.307,1.1,2.1,0.519,0.484,0.9,1.3,0.719,0.7,3.2,3.9,1.2,0.6,0.6,0.7,1.9,5.8,2023,0,0,0,Los Angeles Clippers,21,20,0.512,1.0,109.2,110.2,-1.72
Terance Mann,SG,26,LAC,43,18,22.0,3.2,6.3,0.509,0.7,2.1,0.348,2.5,4.2,0.592,0.568,1.1,1.4,0.77,1.0,2.6,3.7,1.9,0.6,0.3,1.0,1.8,8.3,2023,0,0,0,Los Angeles Clippers,21,20,0.512,1.0,109.2,110.2,-1.72
Andre Iguodala,SF,39,GSW,3,0,14.0,1.0,1.3,0.75,0.3,0.7,0.5,0.7,0.7,1.0,0.875,0.0,0.0,,0.3,2.0,2.3,1.7,0.3,0.3,1.7,1.7,2.3,2023,0,0,0,Golden State Warriors,20,19,0.513,1.0,117.2,117.6,-0.54
Andrew Wiggins,SF,27,GSW,25,25,31.9,7.2,14.6,0.492,2.8,6.7,0.423,4.3,7.8,0.551,0.589,1.2,1.8,0.63,1.7,3.4,5.0,2.2,1.5,0.8,1.4,2.9,18.3,2023,0,0,0,Golden State Warriors,20,19,0.513,1.0,117.2,117.6,-0.54
Anthony Lamb,SF,25,GSW,34,3,19.8,2.7,5.3,0.503,1.4,3.5,0.403,1.3,1.8,0.694,0.635,0.6,0.9,0.759,0.8,2.5,3.3,1.7,0.6,0.3,1.1,2.3,7.4,2023,0,0,0,Golden State Warriors,20,19,0.513,1.0,117.2,117.6,-0.54
Donte DiVincenzo,SG,26,GSW,32,11,23.8,2.6,6.7,0.394,1.8,4.7,0.373,0.9,2.0,0.444,0.526,0.8,0.9,0.857,1.0,3.7,4.8,3.0,1.3,0.1,1.4,1.9,7.8,2023,0,0,0,Golden State Warriors,20,19,0.513,1.0,117.2,117.6,-0.54
Draymond Green,PF,32,GSW,38,38,31.3,3.1,6.2,0.5,0.6,1.9,0.315,2.5,4.2,0.584,0.549,0.9,1.2,0.702,0.8,6.3,7.1,6.6,0.8,0.8,2.4,2.9,7.6,2023,0,0,0,Golden State Warriors,20,19,0.513,1.0,117.2,117.6,-0.54
JaMychal Green,PF,32,GSW,28,1,14.9,2.3,4.5,0.512,0.5,1.8,0.265,1.8,2.7,0.671,0.564,0.8,1.1,0.733,1.4,2.6,4.0,0.8,0.5,0.4,1.1,2.0,5.8,2023,0,0,0,Golden State Warriors,20,19,0.513,1.0,117.2,117.6,-0.54
James Wiseman,C,21,GSW,19,0,12.7,2.8,4.6,0.609,0.1,0.1,0.5,2.7,4.5,0.612,0.615,1.2,1.8,0.657,0.9,2.7,3.6,0.7,0.1,0.4,0.7,1.9,6.8,2023,0,0,0,Golden State Warriors,20,19,0.513,1.0,117.2,117.6,-0.54
Jonathan Kuminga,PF,20,GSW,33,4,18.6,2.8,6.0,0.472,0.5,1.9,0.258,2.4,4.2,0.569,0.513,1.4,2.0,0.672,1.0,2.2,3.2,1.7,0.5,0.5,1.5,2.3,7.5,2023,0,0,0,Golden State Warriors,20,19,0.513,1.0,117.2,117.6,-0.54
Jordan Poole,PG,23,GSW,42,21,30.2,7.0,16.4,0.43,2.5,8.0,0.311,4.5,8.4,0.544,0.506,4.3,5.0,0.865,0.4,2.1,2.5,4.5,0.7,0.2,3.5,2.4,20.9,2023,0,0,0,Golden State Warriors,20,19,0.513,1.0,117.2,117.6,-0.54
Kevon Looney,C,26,GSW,42,42,23.2,2.8,4.4,0.632,0.0,0.0,,2.8,4.4,0.632,0.632,1.2,1.8,0.636,2.9,5.5,8.5,2.8,0.4,0.5,0.5,2.8,6.7,2023,0,0,0,Golden State Warriors,20,19,0.513,1.0,117.2,117.6,-0.54
Klay Thompson,SG,32,GSW,33,33,31.9,7.5,17.9,0.42,4.0,10.2,0.388,3.5,7.7,0.462,0.53,1.7,1.9,0.889,0.7,3.2,3.9,2.5,0.6,0.5,1.7,2.1,20.7,2023,0,0,0,Golden State Warriors,20,19,0.513,1.0,117.2,117.6,-0.54
Moses Moody,SG,20,GSW,36,3,15.3,1.9,4.2,0.453,0.9,2.6,0.366,0.9,1.6,0.596,0.567,0.7,1.0,0.703,0.4,1.3,1.7,0.9,0.4,0.1,0.7,0.9,5.4,2023,0,0,0,Golden State Warriors,20,19,0.513,1.0,117.2,117.6,-0.54
Patrick Baldwin Jr.,SF,20,GSW,13,0,8.8,1.8,4.3,0.429,1.5,3.4,0.432,0.4,0.9,0.417,0.598,0.2,0.3,0.75,0.0,1.6,1.6,0.2,0.5,0.1,0.5,0.5,5.4,2023,0,0,0,Golden State Warriors,20,19,0.513,1.0,117.2,117.6,-0.54
Ryan Rollins,PG,20,GSW,12,0,5.2,0.6,1.7,0.35,0.3,0.8,0.333,0.3,0.9,0.364,0.425,0.5,0.5,1.0,0.3,0.8,1.0,0.5,0.1,0.1,1.3,0.8,1.9,2023,0,0,0,Golden State Warriors,20,19,0.513,1.0,117.2,117.6,-0.54
Stephen Curry,PG,34,GSW,28,28,33.9,9.9,19.9,0.495,4.9,11.6,0.426,4.9,8.4,0.59,0.618,4.6,5.0,0.914,0.6,5.7,6.3,6.5,1.0,0.4,2.9,2.2,29.2,2023,0,0,0,Golden State Warriors,20,19,0.513,1.0,117.2,117.6,-0.54
Ty Jerome,SG,25,GSW,25,1,17.7,2.7,5.4,0.496,0.8,2.2,0.382,1.8,3.2,0.575,0.574,1.0,1.0,0.962,0.1,1.5,1.6,2.3,0.3,0.1,0.7,1.4,7.2,2023,0,0,0,Golden State Warriors,20,19,0.513,1.0,117.2,117.6,-0.54
Anfernee Simons,SG,23,POR,40,40,35.9,7.8,17.6,0.442,3.7,9.8,0.377,4.1,7.7,0.524,0.547,2.8,3.1,0.902,0.3,2.6,2.9,4.1,0.8,0.3,2.2,2.5,22.0,2023,0,0,0,Portland Trail Blazers,19,19,0.5,6.5,112.4,111.9,0.18
Damian Lillard,PG,32,POR,30,30,35.6,8.8,19.8,0.446,3.9,10.9,0.359,4.9,8.9,0.552,0.545,6.9,7.8,0.885,0.6,3.3,3.9,7.1,0.9,0.3,3.3,1.9,28.5,2023,0,0,0,Portland Trail Blazers,19,19,0.5,6.5,112.4,111.9,0.18
Drew Eubanks,C,25,POR,40,5,18.2,2.3,3.2,0.738,0.1,0.1,0.75,2.3,3.1,0.738,0.75,0.9,1.3,0.667,1.5,2.9,4.4,1.0,0.5,1.1,0.9,2.1,5.6,2023,0,0,0,Portland Trail Blazers,19,19,0.5,6.5,112.4,111.9,0.18
Gary Payton II,PG,30,POR,4,0,16.3,2.0,2.5,0.8,0.8,0.8,1.0,1.3,1.8,0.714,0.95,0.0,0.0,,0.0,2.3,2.3,2.0,1.8,0.0,1.0,2.8,4.8,2023,0,0,0,Portland Trail Blazers,19,19,0.5,6.5,112.4,111.9,0.18
Greg Brown III,PF,21,POR,12,0,6.5,0.8,1.9,0.435,0.1,0.5,0.167,0.8,1.4,0.529,0.457,0.4,1.0,0.417,0.2,1.2,1.3,0.0,0.3,0.4,0.5,0.8,2.2,2023,0,0,0,Portland Trail Blazers,19,19,0.5,6.5,112.4,111.9,0.18
Jabari Walker,SF,20,POR,26,0,9.0,0.8,2.0,0.415,0.1,0.5,0.231,0.7,1.5,0.475,0.443,0.4,0.6,0.688,1.0,1.5,2.5,0.6,0.1,0.2,0.4,1.2,2.2,2023,0,0,0,Portland Trail Blazers,19,19,0.5,6.5,112.4,111.9,0.18
Jerami Grant,PF,28,POR,40,40,36.0,7.4,15.1,0.489,2.5,6.0,0.42,4.9,9.2,0.534,0.572,4.5,5.7,0.792,1.1,3.3,4.3,2.6,0.9,0.8,1.9,2.4,21.8,2023,0,0,0,Portland Trail Blazers,19,19,0.5,6.5,112.4,111.9,0.18
John Butler,C,20,POR,4,0,3.8,0.3,0.8,0.333,0.0,0.5,0.0,0.3,0.3,1.0,0.333,0.0,0.0,,0.3,0.3,0.5,0.3,0.0,0.3,0.0,0.0,0.5,2023,0,0,0,Portland Trail Blazers,19,19,0.5,6.5,112.4,111.9,0.18
Josh Hart,SF,27,POR,40,40,34.5,3.6,7.1,0.512,0.7,2.0,0.346,3.0,5.1,0.576,0.56,1.8,2.4,0.747,2.0,6.4,8.3,4.2,1.2,0.2,1.7,2.7,9.7,2023,0,0,0,Portland Trail Blazers,19,19,0.5,6.5,112.4,111.9,0.18
Justise Winslow,SF,26,POR,29,11,26.8,2.8,6.8,0.409,0.5,1.6,0.311,2.3,5.3,0.438,0.444,0.7,1.0,0.714,1.7,3.3,5.0,3.4,1.0,0.4,1.5,3.1,6.8,2023,0,0,0,Portland Trail Blazers,19,19,0.5,6.5,112.4,111.9,0.18
Jusuf Nurkić,C,28,POR,37,37,28.8,5.5,10.3,0.533,0.8,2.1,0.397,4.6,8.2,0.568,0.573,2.8,4.1,0.673,2.5,7.6,10.2,2.9,0.9,1.0,2.6,3.7,14.6,2023,0,0,0,Portland Trail Blazers,19,19,0.5,6.5,112.4,111.9,0.18
Keon Johnson,SG,20,POR,21,0,11.9,1.9,5.1,0.364,0.8,2.4,0.333,1.0,2.7,0.393,0.444,0.2,0.6,0.385,0.3,1.3,1.6,1.0,0.5,0.2,1.2,1.2,4.8,2023,0,0,0,Portland Trail Blazers,19,19,0.5,6.5,112.4,111.9,0.18
Nassir Little,SF,22,POR,21,0,15.3,2.0,4.3,0.473,0.8,2.0,0.372,1.3,2.3,0.563,0.56,0.7,1.0,0.667,0.3,2.0,2.4,0.9,0.4,0.1,0.7,0.8,5.5,2023,0,0,0,Portland Trail Blazers,19,19,0.5,6.5,112.4,111.9,0.18
Shaedon Sharpe,SG,19,POR,41,5,19.7,3.1,6.6,0.469,0.9,2.5,0.346,2.2,4.1,0.545,0.535,0.5,0.9,0.611,0.8,1.7,2.5,0.5,0.4,0.1,0.7,1.6,7.6,2023,0,0,0,Portland Trail Blazers,19,19,0.5,6.5,112.4,111.9,0.18
Trendon Watford,PF,22,POR,29,2,16.2,1.8,3.3,0.547,0.3,0.8,0.348,1.5,2.5,0.611,0.589,1.2,1.6,0.783,0.7,3.0,3.7,1.6,0.4,0.1,1.0,1.8,5.1,2023,0,0,0,Portland Trail Blazers,19,19,0.5,6.5,112.4,111.9,0.18
Anthony Davis,C,29,LAL,25,25,33.4,10.2,17.2,0.594,0.4,1.2,0.29,9.8,15.9,0.618,0.605,6.6,8.0,0.826,3.1,9.0,12.1,2.6,1.3,2.1,1.9,2.7,27.4,2023,0,0,0,Los Angeles Lakers,18,21,0.462,3.0,116.4,117.3,-1.42
Austin Reaves,SG,24,LAL,36,12,28.9,3.4,7.1,0.488,1.3,3.5,0.36,2.2,3.6,0.612,0.577,2.6,2.9,0.896,0.6,2.4,3.1,2.2,0.6,0.4,1.4,1.7,10.8,2023,0,0,0,Los Angeles Lakers,18,21,0.462,3.0,116.4,117.3,-1.42
Cole Swider,SF,23,LAL,4,0,8.0,0.8,2.0,0.375,0.8,1.8,0.429,0.0,0.3,0.0,0.563,0.0,0.0,,0.0,1.5,1.5,1.0,0.0,0.0,0.0,0.8,2.3,2023,0,0,0,Los Angeles Lakers,18,21,0.462,3.0,116.4,117.3,-1.42
Damian Jones,C,27,LAL,19,1,8.9,1.1,1.9,0.556,0.0,0.2,0.0,1.1,1.7,0.606,0.556,0.8,1.1,0.75,0.9,1.9,2.8,0.2,0.2,0.6,0.4,0.8,2.9,2023,0,0,0,Los Angeles Lakers,18,21,0.462,3.0,116.4,117.3,-1.42
Dennis Schröder,PG,29,LAL,28,25,29.5,4.1,9.4,0.437,1.3,3.6,0.363,2.8,5.8,0.484,0.508,2.9,3.3,0.901,0.2,2.1,2.3,3.8,0.6,0.0,1.7,2.1,12.5,2023,0,0,0,Los Angeles Lakers,18,21,0.462,3.0,116.4,117.3,-1.42
Juan Toscano-Anderson,SF,29,LAL,22,6,12.8,1.0,2.2,0.469,0.1,0.7,0.188,0.9,1.5,0.606,0.5,0.4,0.5,0.727,0.4,1.8,2.2,0.8,0.4,0.3,0.6,1.7,2.6,2023,0,0,0,Los Angeles Lakers,18,21,0.462,3.0,116.4,117.3,-1.42
Kendrick Nunn,SG,27,LAL,34,2,12.6,2.4,6.3,0.385,1.0,3.1,0.317,1.4,3.2,0.45,0.462,0.5,0.6,0.842,0.1,1.0,1.1,0.9,0.3,0.0,0.9,0.8,6.3,2023,0,0,0,Los Angeles Lakers,18,21,0.462,3.0,116.4,117.3,-1.42
LeBron James,PF,38,LAL,32,32,36.3,11.3,22.5,0.503,1.9,6.7,0.285,9.4,15.8,0.595,0.545,4.4,5.9,0.747,1.3,7.1,8.4,6.8,1.0,0.5,3.3,1.7,29.0,2023,0,0,0,Los Angeles Lakers,18,21,0.462,3.0,116.4,117.3,-1.42
Lonnie Walker IV,SG,24,LAL,32,32,29.8,5.3,11.7,0.455,2.1,5.4,0.384,3.3,6.3,0.515,0.543,2.0,2.3,0.875,0.3,2.0,2.3,1.4,0.8,0.3,1.0,1.7,14.7,2023,0,0,0,Los Angeles Lakers,18,21,0.462,3.0,116.4,117.3,-1.42
Max Christie,SG,19,LAL,24,2,14.2,1.3,3.2,0.421,0.8,1.8,0.432,0.5,1.3,0.406,0.546,0.2,0.3,0.833,0.3,2.0,2.3,0.6,0.1,0.2,0.4,0.8,3.7,2023,0,0,0,Los Angeles Lakers,18,21,0.462,3.0,116.4,117.3,-1.42
Patrick Beverley,PG,34,LAL,34,34,26.5,2.0,5.1,0.391,1.1,3.3,0.333,0.9,1.9,0.492,0.497,0.7,0.9,0.806,0.6,2.9,3.5,2.6,0.8,0.6,1.0,2.8,5.8,2023,0,0,0,Los Angeles Lakers,18,21,0.462,3.0,116.4,117.3,-1.42
Russell Westbrook,PG,34,LAL,39,3,28.5,5.7,13.7,0.415,1.2,4.0,0.293,4.5,9.7,0.466,0.458,2.8,4.2,0.671,1.1,5.3,6.4,7.8,1.0,0.5,3.6,2.4,15.4,2023,0,0,0,Los Angeles Lakers,18,21,0.462,3.0,116.4,117.3,-1.42
Scotty Pippen Jr.,PG,22,LAL,5,0,5.2,0.6,2.0,0.3,0.2,0.6,0.333,0.4,1.4,0.286,0.35,0.8,1.4,0.571,0.4,0.4,0.8,0.2,0.4,0.2,0.4,0.6,2.2,2023,0,0,0,Los Angeles Lakers,18,21,0.462,3.0,116.4,117.3,-1.42
Sterling Brown,SG,27,LAL,4,0,6.0,0.0,1.0,0.0,0.0,0.5,0.0,0.0,0.5,0.0,0.0,0.0,0.0,,0.8,1.3,2.0,0.5,0.8,0.0,0.0,1.0,0.0,2023,0,0,0,Los Angeles Lakers,18,21,0.462,3.0,116.4,117.3,-1.42
Thomas Bryant,C,25,LAL,28,16,22.2,5.2,7.9,0.661,0.5,1.2,0.424,4.7,6.7,0.702,0.692,2.0,2.8,0.731,1.9,5.5,7.3,0.9,0.4,0.5,0.9,2.0,13.0,2023,0,0,0,Los Angeles Lakers,18,21,0.462,3.0,116.4,117.3,-1.42
Troy Brown Jr.,SF,23,LAL,36,18,22.8,2.5,5.7,0.436,1.1,3.1,0.357,1.4,2.6,0.533,0.534,0.5,0.5,1.0,0.8,3.1,3.9,0.8,0.8,0.1,0.8,1.4,6.6,2023,0,0,0,Los Angeles Lakers,18,21,0.462,3.0,116.4,117.3,-1.42
Wenyen Gabriel,PF,25,LAL,33,2,15.2,2.5,4.0,0.626,0.3,0.6,0.429,2.2,3.3,0.664,0.66,0.9,1.3,0.69,1.6,2.5,4.0,0.5,0.4,0.6,0.8,2.1,6.1,2023,0,0,0,Los Angeles Lakers,18,21,0.462,3.0,116.4,117.3,-1.42
Anthony Edwards,SG,21,MIN,44,44,36.2,8.6,18.7,0.459,2.5,7.1,0.359,6.0,11.6,0.521,0.527,4.1,5.4,0.761,0.6,5.4,6.0,4.4,1.6,0.5,3.2,2.7,23.8,2023,0,0,0,Minnesota Timberwolves,19,21,0.475,7.5,115.0,115.5,-0.83
Austin Rivers,SG,30,MIN,34,10,20.8,1.9,4.2,0.465,0.9,2.4,0.386,1.0,1.7,0.576,0.577,0.7,0.9,0.862,0.1,1.6,1.6,1.5,0.6,0.1,0.6,1.7,5.6,2023,0,0,0,Minnesota Timberwolves,19,21,0.475,7.5,115.0,115.5,-0.83
Bryn Forbes,SG,29,MIN,22,0,10.7,1.1,3.4,0.338,0.5,1.8,0.256,0.7,1.6,0.429,0.405,0.6,0.6,1.0,0.2,0.4,0.6,0.6,0.3,0.0,0.4,0.9,3.3,2023,0,0,0,Minnesota Timberwolves,19,21,0.475,7.5,115.0,115.5,-0.83
D'Angelo Russell,PG,26,MIN,41,41,32.5,6.0,13.1,0.459,2.3,6.3,0.362,3.7,6.7,0.551,0.547,2.7,3.1,0.853,0.5,2.6,3.1,6.2,1.1,0.4,2.7,2.3,17.0,2023,0,0,0,Minnesota Timberwolves,19,21,0.475,7.5,115.0,115.5,-0.83
Jaden McDaniels,PF,22,MIN,41,41,30.6,4.5,8.6,0.53,1.2,3.0,0.39,3.4,5.6,0.605,0.598,1.3,1.7,0.757,1.3,2.4,3.7,2.0,1.1,1.1,1.5,3.4,11.5,2023,0,0,0,Minnesota Timberwolves,19,21,0.475,7.5,115.0,115.5,-0.83
Jaylen Nowell,SG,23,MIN,44,1,20.2,4.5,10.3,0.438,1.1,3.8,0.28,3.4,6.5,0.532,0.49,1.3,1.6,0.775,0.6,2.1,2.8,2.2,0.7,0.1,1.0,1.6,11.3,2023,0,0,0,Minnesota Timberwolves,19,21,0.475,7.5,115.0,115.5,-0.83
Jordan McLaughlin,PG,26,MIN,18,0,15.9,1.6,3.7,0.424,0.4,1.9,0.235,1.1,1.8,0.625,0.485,0.5,0.5,1.0,0.4,1.3,1.7,3.6,0.8,0.1,0.8,0.4,4.1,2023,0,0,0,Minnesota Timberwolves,19,21,0.475,7.5,115.0,115.5,-0.83
Josh Minott,SF,20,MIN,7,0,2.3,0.4,0.7,0.6,0.0,0.1,0.0,0.4,0.6,0.75,0.6,0.6,0.6,1.0,0.3,0.4,0.7,0.3,0.1,0.3,0.0,0.3,1.4,2023,0,0,0,Minnesota Timberwolves,19,21,0.475,7.5,115.0,115.5,-0.83
Karl-Anthony Towns,PF,27,MIN,21,21,33.8,7.3,14.4,0.505,1.8,5.6,0.325,5.5,8.9,0.618,0.568,4.4,5.0,0.885,1.7,6.5,8.2,5.3,0.8,0.7,3.1,3.9,20.8,2023,0,0,0,Minnesota Timberwolves,19,21,0.475,7.5,115.0,115.5,-0.83
Kyle Anderson,PF,29,MIN,33,18,25.8,2.8,5.8,0.489,0.5,1.3,0.395,2.3,4.5,0.517,0.534,1.7,2.1,0.786,0.6,3.6,4.2,3.8,1.2,0.8,1.5,2.1,7.8,2023,0,0,0,Minnesota Timberwolves,19,21,0.475,7.5,115.0,115.5,-0.83
Luka Garza,C,24,MIN,12,0,7.0,1.9,3.2,0.605,0.2,0.8,0.2,1.8,2.3,0.75,0.632,1.4,1.6,0.895,0.7,1.1,1.8,0.4,0.1,0.1,0.4,1.3,5.4,2023,0,0,0,Minnesota Timberwolves,19,21,0.475,7.5,115.0,115.5,-0.83
Nathan Knight,PF,25,MIN,20,0,5.8,0.9,1.4,0.643,0.1,0.3,0.4,0.8,1.2,0.696,0.679,0.9,1.3,0.68,0.5,0.8,1.3,0.3,0.2,0.1,0.6,0.8,2.8,2023,0,0,0,Minnesota Timberwolves,19,21,0.475,7.5,115.0,115.5,-0.83
Naz Reid,C,23,MIN,36,4,17.8,4.3,7.8,0.556,1.0,2.7,0.357,3.3,5.0,0.663,0.618,1.0,1.6,0.649,1.1,3.8,4.9,0.9,0.5,0.9,1.2,2.3,10.6,2023,0,0,0,Minnesota Timberwolves,19,21,0.475,7.5,115.0,115.5,-0.83
Rudy Gobert,C,30,MIN,38,38,31.2,5.2,7.7,0.678,0.0,0.1,0.0,5.2,7.6,0.685,0.678,3.2,4.7,0.67,3.4,8.4,11.8,0.8,0.9,1.3,1.8,3.1,13.6,2023,0,0,0,Minnesota Timberwolves,19,21,0.475,7.5,115.0,115.5,-0.83
Taurean Prince,SF,28,MIN,24,0,20.7,3.2,6.5,0.497,1.4,3.3,0.413,1.8,3.1,0.587,0.603,0.9,1.2,0.786,0.3,2.0,2.3,1.3,0.3,0.2,1.2,2.6,8.7,2023,0,0,0,Minnesota Timberwolves,19,21,0.475,7.5,115.0,115.5,-0.83
Wendell Moore Jr.,SG,21,MIN,17,2,5.8,0.8,1.7,0.448,0.1,0.7,0.167,0.6,1.0,0.647,0.483,0.2,0.3,0.8,0.1,0.6,0.8,0.5,0.3,0.2,0.4,0.6,1.9,2023,0,0,0,Minnesota Timberwolves,19,21,0.475,7.5,115.0,115.5,-0.83
Anthony Gill,PF,30,WAS,34,4,9.8,1.2,2.0,0.594,0.1,0.5,0.118,1.1,1.5,0.75,0.609,0.5,0.6,0.818,0.5,0.8,1.4,0.4,0.1,0.1,0.1,1.2,3.0,2023,0,0,0,Washington Wizards,17,23,0.425,4.0,112.1,113.1,-0.39
Bradley Beal,SG,29,WAS,24,24,33.6,8.6,16.4,0.525,1.5,4.4,0.34,7.1,12.0,0.594,0.571,4.1,4.8,0.861,0.9,2.6,3.5,5.2,1.0,0.6,2.8,1.8,22.9,2023,0,0,0,Washington Wizards,17,23,0.425,4.0,112.1,113.1,-0.39
Corey Kispert,SF,23,WAS,35,23,28.3,3.4,7.0,0.48,1.8,4.4,0.416,1.5,2.6,0.587,0.61,1.1,1.3,0.83,0.5,2.4,2.9,1.4,0.6,0.1,0.8,1.5,9.7,2023,0,0,0,Washington Wizards,17,23,0.425,4.0,112.1,113.1,-0.39
Daniel Gafford,C,24,WAS,42,11,16.8,3.2,4.2,0.751,0.0,0.0,,3.2,4.2,0.751,0.751,1.4,2.2,0.613,2.0,2.9,4.9,0.7,0.3,1.1,0.9,2.1,7.7,2023,0,0,0,Washington Wizards,17,23,0.425,4.0,112.1,113.1,-0.39
Delon Wright,PG,30,WAS,14,0,19.9,1.9,4.9,0.391,0.5,2.3,0.219,1.4,2.6,0.541,0.442,1.0,1.2,0.824,0.7,1.9,2.6,3.1,2.1,0.4,0.9,1.2,5.4,2023,0,0,0,Washington Wizards,17,23,0.425,4.0,112.1,113.1,-0.39
Deni Avdija,SF,22,WAS,41,30,26.0,2.9,6.9,0.427,0.8,3.0,0.279,2.1,3.9,0.541,0.488,1.4,1.8,0.792,1.0,5.0,6.0,2.7,0.8,0.6,1.5,3.0,8.1,2023,0,0,0,Washington Wizards,17,23,0.425,4.0,112.1,113.1,-0.39
Devon Dotson,PG,23,WAS,6,0,8.8,0.2,1.7,0.1,0.2,0.7,0.25,0.0,1.0,0.0,0.15,0.0,0.0,,1.0,0.7,1.7,1.3,0.8,0.0,0.5,1.5,0.5,2023,0,0,0,Washington Wizards,17,23,0.425,4.0,112.1,113.1,-0.39
Isaiah Todd,PF,21,WAS,4,0,3.3,0.3,1.0,0.25,0.0,0.8,0.0,0.3,0.3,1.0,0.25,0.0,0.0,,0.0,0.0,0.0,0.0,0.0,0.0,0.0,0.0,0.5,2023,0,0,0,Washington Wizards,17,23,0.425,4.0,112.1,113.1,-0.39
Johnny Davis,SG,20,WAS,10,0,5.0,0.4,1.3,0.308,0.0,0.3,0.0,0.4,1.0,0.4,0.308,0.3,0.3,1.0,0.1,0.6,0.7,0.2,0.0,0.1,0.1,1.2,1.1,2023,0,0,0,Washington Wizards,17,23,0.425,4.0,112.1,113.1,-0.39
Jordan Goodwin,PG,24,WAS,34,4,19.1,2.6,5.7,0.462,0.7,1.8,0.403,1.9,3.9,0.489,0.526,0.8,1.1,0.73,1.0,2.6,3.6,2.8,1.0,0.6,1.0,1.8,6.8,2023,0,0,0,Washington Wizards,17,23,0.425,4.0,112.1,113.1,-0.39
Jordan Schakel,SF,24,WAS,2,0,3.0,0.5,1.0,0.5,0.5,0.5,1.0,0.0,0.5,0.0,0.75,0.0,0.0,,0.0,0.0,0.0,0.5,0.5,0.0,0.0,0.5,1.5,2023,0,0,0,Washington Wizards,17,23,0.425,4.0,112.1,113.1,-0.39
Kristaps Porziņģis,C,27,WAS,38,38,32.8,7.3,15.5,0.471,1.8,5.4,0.341,5.4,10.1,0.54,0.531,5.5,6.8,0.811,2.0,6.9,8.9,2.3,1.0,1.5,2.2,2.9,21.9,2023,0,0,0,Washington Wizards,17,23,0.425,4.0,112.1,113.1,-0.39
Kyle Kuzma,PF,27,WAS,42,42,35.2,8.3,18.0,0.463,2.5,7.2,0.339,5.9,10.7,0.547,0.531,2.7,3.7,0.723,0.9,6.5,7.4,3.9,0.5,0.4,3.0,2.5,21.7,2023,0,0,0,Washington Wizards,17,23,0.425,4.0,112.1,113.1,-0.39
Monte Morris,PG,27,WAS,37,37,28.5,3.9,8.4,0.466,1.2,3.3,0.374,2.6,5.0,0.527,0.54,1.0,1.3,0.776,0.4,2.9,3.3,5.3,0.7,0.2,1.0,1.4,10.1,2023,0,0,0,Washington Wizards,17,23,0.425,4.0,112.1,113.1,-0.39
Rui Hachimura,PF,24,WAS,27,0,24.1,5.1,10.6,0.483,0.9,2.8,0.333,4.2,7.8,0.536,0.526,1.6,2.1,0.768,0.7,3.8,4.5,1.2,0.4,0.4,1.3,1.3,12.7,2023,0,0,0,Washington Wizards,17,23,0.425,4.0,112.1,113.1,-0.39
Taj Gibson,C,37,WAS,26,2,9.8,1.5,2.7,0.551,0.1,0.5,0.214,1.3,2.1,0.636,0.572,0.7,1.0,0.704,0.6,1.2,1.8,0.6,0.4,0.3,0.5,1.9,3.8,2023,0,0,0,Washington Wizards,17,23,0.425,4.0,112.1,113.1,-0.39
Vernon Carey Jr.,C,21,WAS,7,0,2.1,0.1,0.4,0.333,0.0,0.0,,0.1,0.4,0.333,0.333,0.0,0.0,,0.1,0.6,0.7,0.1,0.1,0.3,0.3,0.3,0.3,2023,0,0,0,Washington Wizards,17,23,0.425,4.0,112.1,113.1,-0.39
Will Barton,SG,32,WAS,36,0,20.2,2.7,7.2,0.375,1.3,3.5,0.365,1.4,3.7,0.383,0.463,0.8,1.1,0.789,0.2,2.6,2.8,2.5,0.4,0.3,1.1,1.1,7.5,2023,0,0,0,Washington Wizards,17,23,0.425,4.0,112.1,113.1,-0.39
Bam Adebayo,C,25,MIA,39,39,35.0,8.6,16.0,0.538,0.0,0.3,0.1,8.6,15.7,0.545,0.539,4.3,5.3,0.802,2.8,7.3,10.1,3.1,1.1,0.8,2.7,3.0,21.5,2023,0,0,0,Miami Heat,21,19,0.525,0.0,108.9,109.1,-0.59
Caleb Martin,PF,27,MIA,34,34,31.4,4.0,8.6,0.459,1.4,3.7,0.389,2.5,4.9,0.512,0.543,1.0,1.3,0.773,1.5,3.3,4.8,1.9,1.0,0.4,1.1,1.9,10.4,2023,0,0,0,Miami Heat,21,19,0.525,0.0,108.9,109.1,-0.59
Dewayne Dedmon,C,33,MIA,29,0,11.7,2.2,4.3,0.512,0.4,1.2,0.306,1.8,3.1,0.596,0.556,1.1,1.5,0.727,1.0,2.7,3.7,0.5,0.2,0.4,0.7,2.0,5.9,2023,0,0,0,Miami Heat,21,19,0.525,0.0,108.9,109.1,-0.59
Dru Smith,SG,25,MIA,5,1,13.4,1.0,2.8,0.357,0.2,1.2,0.167,0.8,1.6,0.5,0.393,0.0,0.0,,0.2,1.6,1.8,1.0,0.8,0.6,0.2,2.0,2.2,2023,0,0,0,Miami Heat,21,19,0.525,0.0,108.9,109.1,-0.59
Duncan Robinson,SF,28,MIA,28,0,17.9,2.3,6.2,0.368,1.6,5.0,0.331,0.6,1.3,0.514,0.5,0.7,0.8,0.909,0.3,1.7,1.9,1.2,0.3,0.0,0.7,2.0,6.9,2023,0,0,0,Miami Heat,21,19,0.525,0.0,108.9,109.1,-0.59
Gabe Vincent,PG,26,MIA,30,4,25.4,3.4,8.2,0.417,1.6,4.9,0.322,1.9,3.4,0.554,0.512,1.0,1.2,0.857,0.4,1.8,2.2,2.8,0.9,0.1,1.5,2.4,9.4,2023,0,0,0,Miami Heat,21,19,0.525,0.0,108.9,109.1,-0.59
Haywood Highsmith,SF,26,MIA,31,9,20.1,1.8,4.6,0.394,0.8,2.3,0.338,1.0,2.3,0.451,0.479,0.2,0.5,0.375,1.2,2.8,4.0,0.8,0.9,0.3,0.9,1.5,4.6,2023,0,0,0,Miami Heat,21,19,0.525,0.0,108.9,109.1,-0.59
Jamal Cain,SF,23,MIA,13,0,13.9,1.9,3.7,0.521,0.2,0.8,0.182,1.8,2.8,0.622,0.542,0.9,1.2,0.75,0.9,2.0,2.9,0.6,0.6,0.0,0.3,1.2,4.9,2023,0,0,0,Miami Heat,21,19,0.525,0.0,108.9,109.1,-0.59
Jimmy Butler,SF,33,MIA,30,30,34.4,7.2,14.2,0.505,0.6,2.0,0.311,6.5,12.2,0.537,0.527,6.7,8.0,0.845,2.2,4.3,6.5,5.2,2.1,0.4,1.8,1.3,21.7,2023,0,0,0,Miami Heat,21,19,0.525,0.0,108.9,109.1,-0.59
Kyle Lowry,PG,36,MIA,36,36,35.0,4.1,10.4,0.398,2.2,6.5,0.336,1.9,3.9,0.504,0.504,2.6,3.0,0.862,0.8,3.7,4.4,5.6,1.1,0.5,2.1,2.9,13.1,2023,0,0,0,Miami Heat,21,19,0.525,0.0,108.9,109.1,-0.59
Max Strus,SF,26,MIA,42,24,31.2,4.7,11.6,0.402,2.7,8.0,0.338,2.0,3.6,0.542,0.518,1.1,1.3,0.868,0.6,3.1,3.7,2.1,0.8,0.2,1.0,2.0,13.1,2023,0,0,0,Miami Heat,21,19,0.525,0.0,108.9,109.1,-0.59
Nikola Jović,PF,19,MIA,15,8,13.6,1.9,4.6,0.406,0.5,2.3,0.229,1.3,2.3,0.588,0.464,1.2,1.3,0.947,0.6,1.5,2.1,0.7,0.5,0.1,0.7,1.3,5.5,2023,0,0,0,Miami Heat,21,19,0.525,0.0,108.9,109.1,-0.59
Orlando Robinson,C,22,MIA,16,1,15.4,2.2,3.9,0.565,0.0,0.3,0.0,2.2,3.6,0.614,0.565,0.7,0.9,0.786,1.8,2.8,4.6,0.9,0.6,0.4,0.6,1.9,5.1,2023,0,0,0,Miami Heat,21,19,0.525,0.0,108.9,109.1,-0.59
Tyler Herro,SG,23,MIA,32,32,35.4,7.5,16.8,0.445,3.3,8.5,0.392,4.2,8.3,0.5,0.545,2.8,3.1,0.918,0.5,5.5,6.0,4.4,1.0,0.3,2.6,1.8,21.2,2023,0,0,0,Miami Heat,21,19,0.525,0.0,108.9,109.1,-0.59
Udonis Haslem,C,42,MIA,5,1,7.2,0.2,2.0,0.1,0.0,0.2,0.0,0.2,1.8,0.111,0.1,0.2,0.4,0.5,0.6,0.6,1.2,0.0,0.2,0.2,0.0,1.4,0.6,2023,0,0,0,Miami Heat,21,19,0.525,0.0,108.9,109.1,-0.59
Victor Oladipo,SG,30,MIA,18,1,28.6,4.1,10.1,0.409,1.7,5.1,0.33,2.4,5.0,0.489,0.492,2.2,2.7,0.796,0.5,2.8,3.3,3.7,1.8,0.2,1.9,2.6,12.1,2023,0,0,0,Miami Heat,21,19,0.525,0.0,108.9,109.1,-0.59
Bismack Biyombo,C,30,PHO,34,6,13.6,1.6,2.9,0.557,0.0,0.0,,1.6,2.9,0.557,0.557,0.4,1.2,0.325,1.1,2.6,3.7,0.8,0.3,1.3,0.9,1.9,3.6,2023,0,0,0,Phoenix Suns,20,20,0.5,1.5,113.1,111.0,2.27
Cameron Johnson,PF,26,PHO,8,8,25.3,4.6,10.4,0.446,2.8,6.4,0.431,1.9,4.0,0.469,0.578,1.0,1.4,0.727,0.6,2.8,3.4,1.8,1.1,0.4,0.3,1.8,13.0,2023,0,0,0,Phoenix Suns,20,20,0.5,1.5,113.1,111.0,2.27
Cameron Payne,PG,28,PHO,28,14,24.0,4.5,11.0,0.412,1.7,4.5,0.378,2.8,6.5,0.436,0.49,1.4,1.8,0.776,0.3,2.0,2.3,5.3,0.9,0.2,2.0,2.0,12.1,2023,0,0,0,Phoenix Suns,20,20,0.5,1.5,113.1,111.0,2.27
Chris Paul,PG,37,PHO,26,26,31.1,4.4,10.3,0.425,1.7,4.2,0.398,2.7,6.2,0.444,0.506,2.7,3.3,0.802,0.5,3.7,4.2,8.3,1.5,0.3,2.0,2.4,13.1,2023,0,0,0,Phoenix Suns,20,20,0.5,1.5,113.1,111.0,2.27
Damion Lee,SG,30,PHO,44,2,22.3,3.0,6.3,0.468,1.8,3.8,0.485,1.1,2.6,0.442,0.612,1.4,1.5,0.954,0.5,3.0,3.5,1.3,0.4,0.1,1.0,1.7,9.1,2023,0,0,0,Phoenix Suns,20,20,0.5,1.5,113.1,111.0,2.27
Dario Šarić,PF,28,PHO,25,8,13.2,1.7,4.2,0.406,0.7,1.8,0.37,1.0,2.4,0.433,0.486,0.6,0.7,0.882,0.8,2.2,3.0,1.3,0.4,0.1,0.9,1.5,4.7,2023,0,0,0,Phoenix Suns,20,20,0.5,1.5,113.1,111.0,2.27
Deandre Ayton,C,24,PHO,38,38,29.6,7.6,13.1,0.581,0.2,0.6,0.318,7.4,12.5,0.593,0.588,2.0,2.7,0.728,2.8,7.0,9.9,2.1,0.5,0.7,2.1,2.8,17.3,2023,0,0,0,Phoenix Suns,20,20,0.5,1.5,113.1,111.0,2.27
Devin Booker,SG,26,PHO,29,29,34.6,9.8,20.4,0.477,2.3,6.2,0.37,7.4,14.2,0.524,0.534,5.3,6.2,0.85,0.8,3.8,4.6,5.6,0.9,0.4,2.4,2.7,27.1,2023,0,0,0,Phoenix Suns,20,20,0.5,1.5,113.1,111.0,2.27
Duane Washington Jr.,SG,22,PHO,27,3,13.3,3.2,8.6,0.375,1.3,3.7,0.35,1.9,4.9,0.394,0.45,0.6,0.9,0.667,0.0,1.1,1.1,2.0,0.2,0.1,1.2,0.7,8.3,2023,0,0,0,Phoenix Suns,20,20,0.5,1.5,113.1,111.0,2.27
Ish Wainright,SF,28,PHO,27,1,14.5,1.3,3.3,0.4,0.9,2.4,0.385,0.4,0.9,0.44,0.539,0.2,0.3,0.667,1.0,1.0,2.0,1.0,0.7,0.2,0.5,2.0,3.8,2023,0,0,0,Phoenix Suns,20,20,0.5,1.5,113.1,111.0,2.27
Jock Landale,C,27,PHO,37,2,14.6,2.5,4.8,0.517,0.4,1.4,0.245,2.1,3.3,0.634,0.554,1.4,1.7,0.823,1.6,2.3,4.0,0.9,0.2,0.6,0.9,1.8,6.6,2023,0,0,0,Phoenix Suns,20,20,0.5,1.5,113.1,111.0,2.27
Josh Okogie,SG,24,PHO,38,1,12.6,1.6,3.8,0.407,0.4,1.6,0.254,1.2,2.3,0.512,0.459,1.2,1.6,0.721,1.4,1.6,3.0,1.1,0.6,0.4,0.8,1.4,4.7,2023,0,0,0,Phoenix Suns,20,20,0.5,1.5,113.1,111.0,2.27
Landry Shamet,SG,25,PHO,29,6,21.3,3.1,8.0,0.386,2.1,5.4,0.385,1.0,2.7,0.39,0.515,1.3,1.4,0.902,0.3,1.3,1.6,2.1,0.6,0.2,1.0,1.5,9.6,2023,0,0,0,Phoenix Suns,20,20,0.5,1.5,113.1,111.0,2.27
Mikal Bridges,SF,26,PHO,44,44,36.3,5.8,12.6,0.459,1.8,4.5,0.396,4.0,8.1,0.494,0.53,2.3,2.6,0.888,1.1,3.5,4.6,3.3,1.1,0.9,1.3,2.2,15.7,2023,0,0,0,Phoenix Suns,20,20,0.5,1.5,113.1,111.0,2.27
Torrey Craig,SF,32,PHO,41,32,25.4,3.3,7.0,0.477,1.4,3.5,0.408,1.9,3.5,0.545,0.579,0.6,0.8,0.774,2.1,3.7,5.8,1.5,0.7,0.6,0.8,2.4,8.6,2023,0,0,0,Phoenix Suns,20,20,0.5,1.5,113.1,111.0,2.27
Brandon Clarke,PF,26,MEM,36,3,19.5,4.1,6.3,0.658,0.0,0.2,0.167,4.1,6.1,0.671,0.66,1.9,2.5,0.756,1.4,4.0,5.4,1.1,0.5,0.7,1.1,2.4,10.1,2023,0,0,0,Memphis Grizzlies,25,13,0.658,0.0,116.1,111.1,4.96
David Roddy,PF,21,MEM,38,1,18.6,2.5,6.0,0.412,0.9,3.2,0.281,1.6,2.8,0.561,0.487,0.7,1.1,0.581,0.6,2.1,2.7,0.7,0.4,0.3,0.8,1.5,6.5,2023,0,0,0,Memphis Grizzlies,25,13,0.658,0.0,116.1,111.1,4.96
Desmond Bane,SG,24,MEM,22,22,30.9,7.3,16.6,0.44,3.2,7.6,0.417,4.1,9.0,0.46,0.536,3.6,4.0,0.888,0.6,4.5,5.1,3.9,0.7,0.3,2.1,2.5,21.4,2023,0,0,0,Memphis Grizzlies,25,13,0.658,0.0,116.1,111.1,4.96
Dillon Brooks,SF,27,MEM,38,38,30.6,6.2,15.5,0.403,2.1,6.2,0.335,4.2,9.3,0.449,0.47,2.2,2.7,0.788,0.6,2.9,3.5,2.7,0.8,0.2,1.7,3.4,16.7,2023,0,0,0,Memphis Grizzlies,25,13,0.658,0.0,116.1,111.1,4.96
Ja Morant,PG,23,MEM,35,35,32.2,9.7,20.8,0.466,1.6,5.2,0.313,8.1,15.6,0.517,0.505,6.4,8.5,0.751,1.2,4.7,5.8,7.9,1.0,0.3,3.6,1.7,27.4,2023,0,0,0,Memphis Grizzlies,25,13,0.658,0.0,116.1,111.1,4.96
Jake LaRavia,PF,21,MEM,24,0,14.4,1.3,3.2,0.416,0.8,2.3,0.37,0.5,1.0,0.522,0.545,0.3,0.3,0.857,0.7,1.6,2.3,0.9,0.4,0.2,0.7,1.8,3.8,2023,0,0,0,Memphis Grizzlies,25,13,0.658,0.0,116.1,111.1,4.96
Jaren Jackson Jr.,C,23,MEM,26,26,26.1,5.9,11.3,0.52,1.5,4.0,0.375,4.4,7.3,0.6,0.587,3.3,4.3,0.766,1.9,4.9,6.8,1.0,1.0,3.2,1.5,3.1,16.5,2023,0,0,0,Memphis Grizzlies,25,13,0.658,0.0,116.1,111.1,4.96
John Konchar,SG,26,MEM,39,22,24.6,2.6,5.7,0.451,1.2,3.2,0.373,1.4,2.5,0.551,0.556,0.5,0.6,0.87,0.9,4.2,5.2,1.5,1.1,0.3,0.6,1.5,6.9,2023,0,0,0,Memphis Grizzlies,25,13,0.658,0.0,116.1,111.1,4.96
Kennedy Chandler,PG,20,MEM,21,0,10.0,1.2,3.0,0.397,0.1,0.6,0.154,1.1,2.4,0.46,0.413,0.2,0.5,0.455,0.2,1.1,1.4,2.1,0.5,0.2,0.7,0.6,2.7,2023,0,0,0,Memphis Grizzlies,25,13,0.658,0.0,116.1,111.1,4.96
Kenneth Lofton Jr.,PF,20,MEM,6,0,4.0,1.2,2.5,0.467,0.0,0.3,0.0,1.2,2.2,0.538,0.467,0.2,0.5,0.333,0.2,0.5,0.7,0.7,0.0,0.0,0.2,0.5,2.5,2023,0,0,0,Memphis Grizzlies,25,13,0.658,0.0,116.1,111.1,4.96
Santi Aldama,PF,22,MEM,39,16,22.7,3.4,7.0,0.485,1.3,3.4,0.373,2.1,3.6,0.593,0.577,1.5,2.0,0.722,1.2,3.8,5.0,1.3,0.7,0.8,0.6,2.2,9.6,2023,0,0,0,Memphis Grizzlies,25,13,0.658,0.0,116.1,111.1,4.96
Steven Adams,C,29,MEM,38,38,26.9,3.6,6.2,0.59,0.0,0.0,0.0,3.6,6.1,0.592,0.59,1.0,2.9,0.342,4.9,6.4,11.4,2.3,0.8,1.2,1.9,2.3,8.3,2023,0,0,0,Memphis Grizzlies,25,13,0.658,0.0,116.1,111.1,4.96
Tyus Jones,PG,26,MEM,42,7,23.7,4.1,9.1,0.449,1.6,4.0,0.396,2.5,5.0,0.491,0.537,1.1,1.4,0.783,0.4,1.9,2.2,4.8,1.0,0.0,0.9,0.4,10.9,2023,0,0,0,Memphis Grizzlies,25,13,0.658,0.0,116.1,111.1,4.96
Vince Williams Jr.,SG,22,MEM,8,0,5.5,0.4,1.4,0.273,0.1,1.0,0.125,0.3,0.4,0.667,0.318,0.0,0.0,,0.1,0.5,0.6,0.4,0.5,0.1,0.0,0.6,0.9,2023,0,0,0,Memphis Grizzlies,25,13,0.658,0.0,116.1,111.1,4.96
Xavier Tillman Sr.,PF,24,MEM,26,1,11.5,2.0,3.3,0.593,0.1,0.4,0.3,1.8,2.9,0.632,0.61,0.6,1.2,0.5,1.4,1.7,3.0,0.6,0.5,0.3,0.4,1.0,4.7,2023,0,0,0,Memphis Grizzlies,25,13,0.658,0.0,116.1,111.1,4.96
Ziaire Williams,SF,21,MEM,16,1,17.9,2.8,6.2,0.444,0.8,2.9,0.261,2.0,3.3,0.604,0.505,0.6,0.6,0.9,0.4,2.6,2.9,1.1,0.5,0.3,1.3,2.0,6.8,2023,0,0,0,Memphis Grizzlies,25,13,0.658,0.0,116.1,111.1,4.96
Brandon Ingram,SF,25,NOP,15,15,32.1,7.3,15.4,0.472,1.9,4.0,0.467,5.4,11.4,0.474,0.532,4.4,5.1,0.868,0.5,4.6,5.1,4.7,0.9,0.7,2.8,2.2,20.8,2023,0,0,0,New Orleans Pelicans,24,15,0.615,1.5,117.1,112.7,4.23
CJ McCollum,SG,31,NOP,38,38,35.2,8.0,18.4,0.435,3.0,7.4,0.403,5.0,10.9,0.457,0.516,2.2,2.8,0.785,0.8,3.9,4.7,5.9,1.0,0.6,2.6,1.7,21.2,2023,0,0,0,New Orleans Pelicans,24,15,0.615,1.5,117.1,112.7,4.23
Dereon Seabron,SG,22,NOP,4,0,2.0,0.5,1.0,0.5,0.0,0.0,,0.5,1.0,0.5,0.5,0.0,0.0,,0.3,0.0,0.3,0.0,0.0,0.0,0.0,0.3,1.0,2023,0,0,0,New Orleans Pelicans,24,15,0.615,1.5,117.1,112.7,4.23
Devonte' Graham,PG,27,NOP,43,0,15.1,1.5,4.3,0.349,1.1,3.5,0.322,0.4,0.9,0.459,0.478,0.9,1.1,0.771,0.3,1.2,1.5,2.2,0.5,0.2,0.5,0.8,5.0,2023,0,0,0,New Orleans Pelicans,24,15,0.615,1.5,117.1,112.7,4.23
Dyson Daniels,PG,19,NOP,34,7,19.0,1.7,3.8,0.453,0.6,1.5,0.373,1.1,2.3,0.506,0.527,0.4,0.8,0.577,0.7,2.7,3.4,2.2,0.8,0.2,0.8,2.0,4.4,2023,0,0,0,New Orleans Pelicans,24,15,0.615,1.5,117.1,112.7,4.23
Garrett Temple,SG,36,NOP,14,0,7.8,0.9,2.1,0.433,0.6,1.4,0.421,0.4,0.8,0.455,0.567,0.2,0.3,0.75,0.1,0.6,0.7,0.5,0.6,0.1,0.2,0.8,2.6,2023,0,0,0,New Orleans Pelicans,24,15,0.615,1.5,117.1,112.7,4.23
Herbert Jones,SF,24,NOP,29,29,28.0,3.4,7.9,0.426,0.8,2.8,0.296,2.6,5.1,0.497,0.478,2.4,3.1,0.775,1.2,2.5,3.7,2.1,1.5,0.7,1.2,3.3,10.0,2023,0,0,0,New Orleans Pelicans,24,15,0.615,1.5,117.1,112.7,4.23
Jaxson Hayes,C,22,NOP,23,1,13.7,1.8,3.5,0.525,0.1,0.8,0.167,1.7,2.7,0.629,0.544,1.1,1.8,0.634,0.8,2.2,3.0,0.8,0.3,0.4,0.6,1.4,4.9,2023,0,0,0,New Orleans Pelicans,24,15,0.615,1.5,117.1,112.7,4.23
Jonas Valančiūnas,C,30,NOP,43,43,24.9,5.6,10.6,0.533,0.6,1.8,0.351,5.0,8.8,0.57,0.563,2.6,3.1,0.843,2.8,6.8,9.7,1.8,0.3,0.5,2.0,3.0,14.5,2023,0,0,0,New Orleans Pelicans,24,15,0.615,1.5,117.1,112.7,4.23
Jose Alvarado,PG,24,NOP,42,8,21.2,3.3,8.1,0.408,1.4,4.1,0.333,1.9,4.0,0.485,0.493,1.1,1.5,0.787,0.5,2.0,2.5,3.1,1.2,0.1,1.4,2.0,9.1,2023,0,0,0,New Orleans Pelicans,24,15,0.615,1.5,117.1,112.7,4.23
Kira Lewis Jr.,PG,21,NOP,5,0,8.2,1.6,3.4,0.471,0.2,0.8,0.25,1.4,2.6,0.538,0.5,1.6,1.6,1.0,0.2,1.0,1.2,0.2,0.2,0.0,0.6,1.0,5.0,2023,0,0,0,New Orleans Pelicans,24,15,0.615,1.5,117.1,112.7,4.23
Larry Nance Jr.,PF,30,NOP,33,0,22.6,3.4,5.5,0.617,0.3,0.8,0.385,3.1,4.7,0.656,0.644,0.8,1.2,0.692,1.7,4.0,5.7,1.8,0.9,0.8,0.8,2.3,7.8,2023,0,0,0,New Orleans Pelicans,24,15,0.615,1.5,117.1,112.7,4.23
Naji Marshall,SF,25,NOP,41,15,24.7,3.5,8.1,0.435,1.1,3.4,0.341,2.4,4.8,0.503,0.506,2.1,2.7,0.793,0.8,3.0,3.7,2.4,0.8,0.2,1.3,1.5,10.4,2023,0,0,0,New Orleans Pelicans,24,15,0.615,1.5,117.1,112.7,4.23
Trey Murphy III,SF,22,NOP,40,30,28.6,4.3,8.9,0.482,2.2,5.5,0.4,2.1,3.4,0.615,0.606,1.9,2.0,0.925,0.9,3.0,3.9,1.3,1.0,0.5,0.8,2.2,12.6,2023,0,0,0,New Orleans Pelicans,24,15,0.615,1.5,117.1,112.7,4.23
Willy Hernangómez,C,28,NOP,21,0,11.8,2.3,4.4,0.516,0.0,0.3,0.167,2.2,4.1,0.54,0.522,2.2,2.8,0.797,2.0,2.7,4.7,0.9,0.3,0.3,1.1,1.6,6.9,2023,0,0,0,New Orleans Pelicans,24,15,0.615,1.5,117.1,112.7,4.23
Zion Williamson,PF,22,NOP,29,29,33.0,9.8,16.2,0.608,0.2,0.7,0.368,9.6,15.5,0.618,0.615,6.1,8.6,0.714,2.0,5.0,7.0,4.6,1.1,0.6,3.4,2.2,26.0,2023,0,0,0,New Orleans Pelicans,24,15,0.615,1.5,117.1,112.7,4.23
Bryce McGowens,SG,20,CHO,17,0,11.5,1.1,2.8,0.396,0.4,0.9,0.375,0.8,1.9,0.406,0.458,0.7,0.8,0.857,0.2,0.9,1.1,0.8,0.2,0.2,0.4,0.4,3.3,2023,0,0,0,Charlotte Hornets,11,29,0.275,10.0,112.0,118.2,-5.79
Cody Martin,SF,27,CHO,7,0,19.1,2.0,5.1,0.389,0.4,2.0,0.214,1.6,3.1,0.5,0.431,0.6,1.0,0.571,1.1,2.3,3.4,1.6,0.6,0.1,0.3,1.9,5.0,2023,0,0,0,Charlotte Hornets,11,29,0.275,10.0,112.0,118.2,-5.79
Dennis Smith Jr.,PG,25,CHO,22,11,25.6,3.5,8.0,0.432,0.5,1.8,0.282,3.0,6.2,0.474,0.463,0.6,1.0,0.636,0.5,2.4,2.9,5.0,1.6,0.5,1.5,2.3,8.0,2023,0,0,0,Charlotte Hornets,11,29,0.275,10.0,112.0,118.2,-5.79
Gordon Hayward,SF,32,CHO,21,21,32.7,5.1,12.0,0.423,1.1,3.8,0.3,4.0,8.2,0.48,0.47,2.3,3.0,0.766,0.9,3.9,4.7,3.9,0.8,0.2,2.1,1.1,13.7,2023,0,0,0,Charlotte Hornets,11,29,0.275,10.0,112.0,118.2,-5.79
JT Thor,PF,20,CHO,31,0,10.6,1.0,2.6,0.383,0.4,1.5,0.283,0.6,1.1,0.514,0.463,0.4,0.6,0.722,0.5,1.3,1.7,0.4,0.2,0.3,0.5,0.7,2.8,2023,0,0,0,Charlotte Hornets,11,29,0.275,10.0,112.0,118.2,-5.79
Jalen McDaniels,SF,25,CHO,44,16,26.6,4.0,8.7,0.455,1.2,3.5,0.342,2.8,5.2,0.533,0.525,1.7,2.0,0.854,0.8,4.0,4.8,2.0,1.0,0.6,1.4,2.9,10.8,2023,0,0,0,Charlotte Hornets,11,29,0.275,10.0,112.0,118.2,-5.79
James Bouknight,SG,22,CHO,25,0,13.9,1.6,4.8,0.333,0.6,2.5,0.254,1.0,2.3,0.421,0.4,0.6,0.9,0.682,0.2,1.8,2.0,1.1,0.5,0.2,0.7,1.2,4.4,2023,0,0,0,Charlotte Hornets,11,29,0.275,10.0,112.0,118.2,-5.79
Kai Jones,C,22,CHO,25,0,9.1,1.1,2.2,0.5,0.1,0.4,0.273,1.0,1.8,0.556,0.527,0.3,0.4,0.727,0.8,1.2,2.0,0.2,0.2,0.4,0.4,1.2,2.7,2023,0,0,0,Charlotte Hornets,11,29,0.275,10.0,112.0,118.2,-5.79
Kelly Oubre Jr.,SF,27,CHO,35,30,32.6,7.5,17.8,0.421,2.3,7.4,0.308,5.2,10.4,0.503,0.486,2.9,4.0,0.714,1.5,3.6,5.1,1.2,1.6,0.4,1.3,3.0,20.2,2023,0,0,0,Charlotte Hornets,11,29,0.275,10.0,112.0,118.2,-5.79
LaMelo Ball,PG,21,CHO,20,20,34.9,8.6,20.4,0.419,4.1,10.9,0.372,4.5,9.5,0.474,0.518,2.8,3.3,0.862,1.0,4.4,5.4,8.6,1.2,0.4,3.1,3.6,24.0,2023,0,0,0,Charlotte Hornets,11,29,0.275,10.0,112.0,118.2,-5.79
Mark Williams,C,21,CHO,13,0,12.7,2.2,3.9,0.549,0.0,0.0,,2.2,3.9,0.549,0.549,1.5,2.0,0.731,1.5,4.2,5.6,0.4,0.6,0.6,0.9,1.7,5.8,2023,0,0,0,Charlotte Hornets,11,29,0.275,10.0,112.0,118.2,-5.79
Mason Plumlee,C,32,CHO,44,44,28.2,4.4,6.7,0.653,0.0,0.0,,4.4,6.7,0.653,0.653,2.5,4.2,0.6,3.4,6.4,9.8,3.6,0.6,0.7,1.6,3.0,11.3,2023,0,0,0,Charlotte Hornets,11,29,0.275,10.0,112.0,118.2,-5.79
Nick Richards,C,25,CHO,38,0,17.3,3.2,5.1,0.625,0.0,0.0,,3.2,5.1,0.625,0.625,2.0,2.8,0.733,2.6,3.2,5.8,0.6,0.2,0.8,0.8,2.3,8.3,2023,0,0,0,Charlotte Hornets,11,29,0.275,10.0,112.0,118.2,-5.79
P.J. Washington,PF,24,CHO,43,43,32.2,5.7,13.0,0.437,2.0,5.7,0.359,3.6,7.3,0.498,0.516,1.7,2.2,0.798,1.1,3.5,4.6,2.3,0.8,1.1,1.5,2.7,15.1,2023,0,0,0,Charlotte Hornets,11,29,0.275,10.0,112.0,118.2,-5.79
Terry Rozier,SG,28,CHO,34,34,35.6,7.9,19.1,0.413,2.6,7.9,0.325,5.4,11.3,0.475,0.48,2.6,3.1,0.841,1.1,3.2,4.2,5.2,0.7,0.2,2.5,1.9,21.0,2023,0,0,0,Charlotte Hornets,11,29,0.275,10.0,112.0,118.2,-5.79
Théo Maledon,PG,21,CHO,35,1,16.1,1.8,4.3,0.408,0.6,1.8,0.323,1.2,2.6,0.467,0.474,1.4,1.6,0.875,0.3,2.1,2.4,2.5,0.8,0.2,1.0,1.0,5.5,2023,0,0,0,Charlotte Hornets,11,29,0.275,10.0,112.0,118.2,-5.79
Cam Reddish,SF,23,NYK,20,8,21.9,3.1,6.8,0.449,0.9,2.8,0.304,2.2,4.0,0.55,0.511,1.5,1.7,0.879,0.4,1.2,1.6,1.0,0.8,0.4,0.8,1.6,8.4,2023,0,0,0,New York Knicks,22,18,0.55,5.5,114.2,111.3,2.54
Derrick Rose,PG,34,NYK,26,0,12.9,2.3,6.0,0.394,0.7,2.3,0.317,1.6,3.7,0.442,0.455,0.4,0.5,0.917,0.3,1.2,1.5,1.8,0.3,0.2,0.8,0.7,5.8,2023,0,0,0,New York Knicks,22,18,0.55,5.5,114.2,111.3,2.54
Evan Fournier,SG,30,NYK,19,7,18.4,2.3,6.5,0.35,1.3,4.2,0.313,0.9,2.3,0.419,0.451,0.8,1.0,0.842,0.1,1.9,2.1,1.5,0.6,0.2,0.9,1.8,6.7,2023,0,0,0,New York Knicks,22,18,0.55,5.5,114.2,111.3,2.54
Immanuel Quickley,PG,23,NYK,43,8,27.1,4.3,10.2,0.419,1.6,4.9,0.325,2.7,5.3,0.504,0.497,2.1,2.5,0.844,0.6,3.5,4.1,3.3,0.9,0.1,1.2,2.0,12.3,2023,0,0,0,New York Knicks,22,18,0.55,5.5,114.2,111.3,2.54
Isaiah Hartenstein,C,24,NYK,43,7,18.9,2.2,4.4,0.487,0.2,0.8,0.242,2.0,3.7,0.538,0.508,0.7,0.9,0.75,2.7,3.5,6.2,0.7,0.6,0.7,0.8,2.4,5.2,2023,0,0,0,New York Knicks,22,18,0.55,5.5,114.2,111.3,2.54
Jalen Brunson,PG,26,NYK,40,40,33.6,8.0,16.9,0.473,1.8,4.5,0.393,6.2,12.4,0.501,0.524,4.5,5.2,0.856,0.5,3.1,3.6,6.5,1.0,0.2,2.1,2.3,22.2,2023,0,0,0,New York Knicks,22,18,0.55,5.5,114.2,111.3,2.54
Jericho Sims,C,24,NYK,32,2,12.3,1.7,2.1,0.779,0.0,0.0,,1.7,2.1,0.779,0.779,0.3,0.3,0.8,1.8,2.4,4.2,0.3,0.2,0.6,0.4,1.6,3.6,2023,0,0,0,New York Knicks,22,18,0.55,5.5,114.2,111.3,2.54
Julius Randle,PF,28,NYK,43,43,35.4,8.1,17.7,0.455,2.6,7.8,0.338,5.4,10.0,0.545,0.529,5.3,7.2,0.747,2.1,8.3,10.4,3.8,0.7,0.4,2.7,3.0,24.1,2023,0,0,0,New York Knicks,22,18,0.55,5.5,114.2,111.3,2.54
Miles McBride,PG,22,NYK,31,2,14.0,1.3,3.8,0.35,0.7,2.5,0.273,0.6,1.3,0.5,0.44,0.4,0.6,0.684,0.2,0.5,0.7,1.1,0.6,0.0,0.5,0.9,3.7,2023,0,0,0,New York Knicks,22,18,0.55,5.5,114.2,111.3,2.54
Mitchell Robinson,C,24,NYK,35,34,26.9,3.2,4.6,0.689,0.0,0.0,,3.2,4.6,0.689,0.689,1.1,2.0,0.535,4.3,4.7,9.0,1.0,0.9,1.8,0.5,3.1,7.4,2023,0,0,0,New York Knicks,22,18,0.55,5.5,114.2,111.3,2.54
Obi Toppin,PF,24,NYK,28,0,16.4,2.6,6.4,0.413,1.3,3.7,0.346,1.4,2.7,0.507,0.514,0.6,0.7,0.842,0.5,2.9,3.4,1.0,0.4,0.2,0.7,1.1,7.1,2023,0,0,0,New York Knicks,22,18,0.55,5.5,114.2,111.3,2.54
Quentin Grimes,SG,22,NYK,32,27,29.0,3.6,8.0,0.451,1.9,5.2,0.365,1.7,2.8,0.611,0.57,1.2,1.5,0.813,0.8,2.6,3.4,2.0,0.8,0.4,1.2,2.7,10.4,2023,0,0,0,New York Knicks,22,18,0.55,5.5,114.2,111.3,2.54
RJ Barrett,SG,22,NYK,37,37,34.2,6.9,16.2,0.428,1.8,5.5,0.332,5.1,10.8,0.476,0.483,4.2,5.5,0.759,0.9,4.6,5.5,2.9,0.5,0.2,2.4,2.4,19.9,2023,0,0,0,New York Knicks,22,18,0.55,5.5,114.2,111.3,2.54
Ryan Arcidiacono,PG,28,NYK,10,0,2.5,0.1,0.5,0.2,0.1,0.3,0.333,0.0,0.2,0.0,0.3,0.0,0.0,,0.0,0.4,0.4,0.2,0.2,0.0,0.1,0.3,0.3,2023,0,0,0,New York Knicks,22,18,0.55,5.5,114.2,111.3,2.54
Svi Mykhailiuk,SF,25,NYK,12,0,3.3,0.5,1.0,0.5,0.5,0.8,0.6,0.0,0.2,0.0,0.75,0.3,0.4,0.6,0.0,0.6,0.6,0.1,0.1,0.0,0.2,0.1,1.8,2023,0,0,0,New York Knicks,22,18,0.55,5.5,114.2,111.3,2.54
Trevor Keels,SG,19,NYK,1,0,1.0,0.0,1.0,0.0,0.0,1.0,0.0,0.0,0.0,,0.0,0.0,0.0,,0.0,1.0,1.0,0.0,0.0,0.0,0.0,0.0,0.0,2023,0,0,0,New York Knicks,22,18,0.55,5.5,114.2,111.3,2.54
Caris LeVert,SG,28,CLE,40,20,31.2,4.5,10.8,0.413,1.5,4.2,0.355,3.0,6.6,0.451,0.483,2.0,2.6,0.743,0.8,3.4,4.2,3.7,0.8,0.2,1.6,2.3,12.4,2023,0,0,0,Cleveland Cavaliers,25,15,0.625,0.5,111.5,106.8,4.6
Cedi Osman,SF,27,CLE,42,0,22.6,3.5,7.4,0.465,1.4,4.1,0.339,2.1,3.4,0.617,0.558,1.0,1.6,0.657,0.3,2.1,2.4,1.5,0.5,0.1,0.9,1.8,9.3,2023,0,0,0,Cleveland Cavaliers,25,15,0.625,0.5,111.5,106.8,4.6
Darius Garland,PG,23,CLE,35,35,35.8,7.3,16.3,0.45,2.3,5.9,0.393,5.0,10.4,0.482,0.521,4.2,4.9,0.86,0.4,2.3,2.7,7.7,1.2,0.1,3.2,2.1,21.1,2023,0,0,0,Cleveland Cavaliers,25,15,0.625,0.5,111.5,106.8,4.6
Dean Wade,PF,26,CLE,17,9,24.1,2.2,4.9,0.452,1.4,3.3,0.411,0.9,1.6,0.536,0.589,0.5,0.8,0.692,0.6,3.5,4.1,1.0,0.7,0.4,0.4,2.5,6.4,2023,0,0,0,Cleveland Cavaliers,25,15,0.625,0.5,111.5,106.8,4.6
Donovan Mitchell,SG,26,CLE,39,39,36.5,9.9,20.4,0.486,3.8,9.5,0.396,6.2,10.9,0.563,0.578,5.2,6.0,0.868,0.9,3.0,3.9,4.9,1.5,0.3,2.9,2.5,28.8,2023,0,0,0,Cleveland Cavaliers,25,15,0.625,0.5,111.5,106.8,4.6
Evan Mobley,PF,21,CLE,42,42,33.8,5.8,10.5,0.55,0.2,1.1,0.196,5.6,9.4,0.591,0.56,2.6,3.7,0.692,2.4,6.4,8.8,2.7,0.8,1.3,2.0,2.8,14.4,2023,0,0,0,Cleveland Cavaliers,25,15,0.625,0.5,111.5,106.8,4.6
Isaac Okoro,SF,22,CLE,44,14,19.1,1.9,4.2,0.457,0.6,1.9,0.306,1.3,2.3,0.586,0.527,1.0,1.3,0.768,0.6,1.9,2.5,0.8,0.7,0.4,0.6,1.9,5.4,2023,0,0,0,Cleveland Cavaliers,25,15,0.625,0.5,111.5,106.8,4.6
Isaiah Mobley,PF,23,CLE,8,0,3.3,0.5,1.0,0.5,0.1,0.3,0.5,0.4,0.8,0.5,0.563,0.0,0.0,,0.1,1.3,1.4,0.0,0.1,0.0,0.0,0.3,1.1,2023,0,0,0,Cleveland Cavaliers,25,15,0.625,0.5,111.5,106.8,4.6
Jarrett Allen,C,24,CLE,37,37,33.0,5.5,8.8,0.626,0.0,0.2,0.0,5.5,8.6,0.639,0.626,2.6,3.7,0.713,3.0,6.8,9.8,1.6,0.8,1.2,1.4,2.2,13.6,2023,0,0,0,Cleveland Cavaliers,25,15,0.625,0.5,111.5,106.8,4.6
Kevin Love,PF,34,CLE,36,3,20.7,2.9,7.3,0.393,1.8,5.0,0.358,1.1,2.3,0.47,0.515,1.4,1.6,0.877,1.1,6.2,7.2,1.9,0.2,0.2,1.2,1.7,8.9,2023,0,0,0,Cleveland Cavaliers,25,15,0.625,0.5,111.5,106.8,4.6
Lamar Stevens,PF,25,CLE,28,18,20.8,2.4,5.5,0.431,0.5,1.8,0.3,1.8,3.7,0.495,0.48,0.8,1.1,0.719,0.7,2.8,3.5,0.7,0.4,0.5,0.6,1.3,6.1,2023,0,0,0,Cleveland Cavaliers,25,15,0.625,0.5,111.5,106.8,4.6
Mamadi Diakite,PF,26,CLE,13,2,6.8,0.8,1.8,0.478,0.3,1.0,0.308,0.5,0.8,0.7,0.565,0.0,0.0,,0.2,0.6,0.8,0.2,0.2,0.4,0.5,0.8,2.0,2023,0,0,0,Cleveland Cavaliers,25,15,0.625,0.5,111.5,106.8,4.6
Raul Neto,PG,30,CLE,28,0,10.5,1.2,2.3,0.524,0.3,1.0,0.333,0.9,1.3,0.667,0.595,0.5,0.6,0.875,0.2,0.7,0.9,1.4,0.4,0.0,0.3,0.9,3.2,2023,0,0,0,Cleveland Cavaliers,25,15,0.625,0.5,111.5,106.8,4.6
Ricky Rubio,PG,32,CLE,2,0,11.5,2.0,4.5,0.444,1.5,3.5,0.429,0.5,1.0,0.5,0.611,0.5,1.0,0.5,0.0,2.5,2.5,1.5,0.0,0.0,0.0,1.0,6.0,2023,0,0,0,Cleveland Cavaliers,25,15,0.625,0.5,111.5,106.8,4.6
Robin Lopez,C,34,CLE,25,1,8.6,1.3,2.0,0.64,0.0,0.0,1.0,1.2,2.0,0.633,0.65,0.4,0.6,0.714,0.8,0.7,1.5,0.4,0.0,0.1,0.7,1.1,3.0,2023,0,0,0,Cleveland Cavaliers,25,15,0.625,0.5,111.5,106.8,4.6
Chris Boucher,PF,30,TOR,38,0,20.6,3.4,7.2,0.473,0.8,2.6,0.293,2.6,4.6,0.575,0.526,2.1,2.8,0.752,2.0,3.5,5.5,0.4,0.7,0.7,0.5,2.1,9.6,2023,0,0,0,Toronto Raptors,16,23,0.41,11.0,111.0,111.3,0.33
Christian Koloko,C,22,TOR,40,19,15.6,1.5,3.0,0.492,0.0,0.2,0.111,1.4,2.7,0.523,0.496,0.9,1.3,0.66,1.7,1.7,3.4,0.5,0.3,1.1,0.5,2.6,3.8,2023,0,0,0,Toronto Raptors,16,23,0.41,11.0,111.0,111.3,0.33
Dalano Banton,PG,23,TOR,22,2,10.1,2.0,4.7,0.423,0.6,2.0,0.302,1.4,2.8,0.508,0.486,0.6,0.8,0.824,0.4,1.0,1.5,1.2,0.5,0.5,0.6,1.1,5.2,2023,0,0,0,Toronto Raptors,16,23,0.41,11.0,111.0,111.3,0.33
Fred VanVleet,PG,28,TOR,35,35,36.5,5.7,15.2,0.373,2.7,8.4,0.325,2.9,6.8,0.433,0.463,3.6,4.1,0.882,0.5,3.8,4.3,6.3,1.5,0.5,1.7,2.8,17.7,2023,0,0,0,Toronto Raptors,16,23,0.41,11.0,111.0,111.3,0.33
Gary Trent Jr.,SG,24,TOR,36,26,32.1,6.2,14.3,0.436,2.5,7.0,0.356,3.7,7.3,0.513,0.523,3.3,3.9,0.831,0.5,1.8,2.3,1.5,1.7,0.2,1.0,1.7,18.2,2023,0,0,0,Toronto Raptors,16,23,0.41,11.0,111.0,111.3,0.33
Jeff Dowtin,PG,25,TOR,12,0,7.2,1.0,1.9,0.522,0.1,0.3,0.25,0.9,1.6,0.579,0.543,0.3,0.3,1.0,0.4,0.7,1.1,0.9,0.2,0.1,0.2,0.4,2.3,2023,0,0,0,Toronto Raptors,16,23,0.41,11.0,111.0,111.3,0.33
Juancho Hernangómez,PF,27,TOR,30,10,16.8,1.5,3.3,0.459,0.5,1.8,0.291,1.0,1.4,0.674,0.541,0.3,0.5,0.571,0.8,2.6,3.4,0.6,0.5,0.2,0.4,1.2,3.8,2023,0,0,0,Toronto Raptors,16,23,0.41,11.0,111.0,111.3,0.33
Justin Champagnie,SF,21,TOR,3,0,3.7,1.0,1.0,1.0,0.0,0.0,,1.0,1.0,1.0,1.0,0.0,0.0,,0.3,1.0,1.3,0.3,0.0,0.0,0.0,0.3,2.0,2023,0,0,0,Toronto Raptors,16,23,0.41,11.0,111.0,111.3,0.33
Khem Birch,C,30,TOR,20,0,8.1,1.0,1.6,0.594,0.1,0.1,0.5,0.9,1.5,0.6,0.609,0.2,0.3,0.8,0.4,0.9,1.3,0.4,0.3,0.3,0.4,1.2,2.2,2023,0,0,0,Toronto Raptors,16,23,0.41,11.0,111.0,111.3,0.33
Malachi Flynn,PG,24,TOR,31,1,15.2,2.0,5.3,0.378,1.1,2.9,0.389,0.9,2.4,0.365,0.485,0.4,0.5,0.765,0.3,1.3,1.6,1.6,0.4,0.1,0.5,1.5,5.5,2023,0,0,0,Toronto Raptors,16,23,0.41,11.0,111.0,111.3,0.33
OG Anunoby,SF,25,TOR,39,39,36.9,6.7,14.5,0.465,1.9,5.3,0.365,4.8,9.2,0.524,0.533,2.7,3.2,0.825,1.6,4.2,5.8,2.1,2.2,0.8,2.3,3.2,18.1,2023,0,0,0,Toronto Raptors,16,23,0.41,11.0,111.0,111.3,0.33
Otto Porter Jr.,SF,29,TOR,8,2,18.3,1.9,3.8,0.5,0.8,2.1,0.353,1.1,1.6,0.692,0.6,1.0,1.0,1.0,0.8,1.6,2.4,1.0,1.4,0.0,0.5,0.9,5.5,2023,0,0,0,Toronto Raptors,16,23,0.41,11.0,111.0,111.3,0.33
Pascal Siakam,C,28,TOR,33,33,37.2,8.8,18.5,0.478,1.4,4.1,0.343,7.5,14.5,0.516,0.516,6.6,8.5,0.779,1.9,6.3,8.2,6.4,0.8,0.5,2.6,3.3,25.7,2023,0,0,0,Toronto Raptors,16,23,0.41,11.0,111.0,111.3,0.33
Precious Achiuwa,C,23,TOR,19,0,18.1,2.9,7.1,0.41,0.5,2.3,0.209,2.4,4.8,0.505,0.444,1.8,2.3,0.791,1.5,3.6,5.1,1.1,0.5,0.6,1.1,1.5,8.1,2023,0,0,0,Toronto Raptors,16,23,0.41,11.0,111.0,111.3,0.33
Ron Harper Jr.,SF,22,TOR,2,0,4.0,1.0,2.0,0.5,1.0,1.5,0.667,0.0,0.5,0.0,0.75,0.0,0.0,,0.0,0.5,0.5,0.0,0.0,0.0,0.0,0.0,3.0,2023,0,0,0,Toronto Raptors,16,23,0.41,11.0,111.0,111.3,0.33
Scottie Barnes,PF,21,TOR,40,39,34.0,6.0,13.2,0.454,0.9,3.0,0.286,5.1,10.2,0.504,0.487,2.3,3.0,0.775,2.1,4.9,7.0,4.8,1.0,0.8,2.1,2.0,15.1,2023,0,0,0,Toronto Raptors,16,23,0.41,11.0,111.0,111.3,0.33
Thaddeus Young,PF,34,TOR,35,9,16.5,2.2,4.0,0.543,0.1,0.7,0.174,2.1,3.3,0.615,0.557,0.4,0.5,0.737,1.6,2.0,3.6,1.6,1.1,0.1,0.7,1.8,4.9,2023,0,0,0,Toronto Raptors,16,23,0.41,11.0,111.0,111.3,0.33
Christian Wood,C,27,DAL,40,15,28.7,6.6,12.2,0.543,1.8,4.5,0.394,4.9,7.7,0.63,0.616,3.1,4.3,0.731,1.4,6.8,8.2,1.6,0.5,1.3,2.1,2.9,18.2,2023,0,0,0,Dallas Mavericks,22,17,0.564,3.5,112.1,110.6,1.62
Dorian Finney-Smith,PF,29,DAL,31,31,31.6,3.0,7.5,0.401,1.9,5.4,0.345,1.1,2.1,0.547,0.526,0.5,0.8,0.64,1.4,2.6,4.0,1.2,1.0,0.5,0.9,1.9,8.4,2023,0,0,0,Dallas Mavericks,22,17,0.564,3.5,112.1,110.6,1.62
Dwight Powell,C,31,DAL,39,27,17.6,2.2,3.0,0.735,0.0,0.1,0.0,2.2,2.9,0.748,0.735,1.5,2.2,0.698,1.8,1.9,3.8,0.6,0.5,0.4,0.8,2.8,5.9,2023,0,0,0,Dallas Mavericks,22,17,0.564,3.5,112.1,110.6,1.62
Dāvis Bertāns,PF,30,DAL,25,0,10.4,1.3,3.4,0.388,1.1,3.0,0.36,0.2,0.4,0.6,0.547,0.4,0.5,0.833,0.2,0.6,0.8,0.4,0.2,0.1,0.3,1.1,4.1,2023,0,0,0,Dallas Mavericks,22,17,0.564,3.5,112.1,110.6,1.62
Facundo Campazzo,PG,31,DAL,8,0,6.5,0.4,1.6,0.231,0.4,1.4,0.273,0.0,0.3,0.0,0.346,0.1,0.3,0.5,0.0,0.3,0.3,1.1,0.8,0.0,0.4,0.4,1.3,2023,0,0,0,Dallas Mavericks,22,17,0.564,3.5,112.1,110.6,1.62
Frank Ntilikina,PG,24,DAL,25,1,13.2,1.1,2.9,0.375,0.4,1.7,0.238,0.7,1.2,0.567,0.444,0.4,0.6,0.667,0.1,1.4,1.5,1.0,0.3,0.1,0.7,1.4,3.0,2023,0,0,0,Dallas Mavericks,22,17,0.564,3.5,112.1,110.6,1.62
JaVale McGee,C,35,DAL,28,7,8.0,1.7,2.8,0.615,0.0,0.1,0.25,1.7,2.6,0.635,0.622,0.5,0.9,0.542,0.6,1.8,2.5,0.3,0.1,0.6,0.9,1.2,3.9,2023,0,0,0,Dallas Mavericks,22,17,0.564,3.5,112.1,110.6,1.62
Jaden Hardy,SG,20,DAL,17,0,10.2,1.9,4.8,0.402,0.5,1.8,0.258,1.5,3.0,0.49,0.451,1.1,1.2,0.9,0.0,1.2,1.2,0.6,0.2,0.1,0.6,1.5,5.4,2023,0,0,0,Dallas Mavericks,22,17,0.564,3.5,112.1,110.6,1.62
Josh Green,SG,22,DAL,25,1,20.3,2.4,4.1,0.583,1.0,2.2,0.444,1.4,2.0,0.735,0.699,1.3,1.8,0.711,0.9,1.4,2.3,1.2,0.9,0.0,0.7,2.5,7.0,2023,0,0,0,Dallas Mavericks,22,17,0.564,3.5,112.1,110.6,1.62
Kemba Walker,PG,32,DAL,9,1,16.0,2.7,6.3,0.421,0.8,3.1,0.25,1.9,3.2,0.586,0.482,1.9,2.3,0.81,0.3,1.4,1.8,2.1,0.2,0.2,0.4,1.2,8.0,2023,0,0,0,Dallas Mavericks,22,17,0.564,3.5,112.1,110.6,1.62
Luka Dončić,PG,23,DAL,40,40,37.4,11.4,22.8,0.498,2.8,8.1,0.351,8.5,14.8,0.578,0.56,8.3,11.3,0.73,1.0,8.0,9.0,8.8,1.6,0.6,3.7,2.9,33.8,2023,0,0,0,Dallas Mavericks,22,17,0.564,3.5,112.1,110.6,1.62
Maxi Kleber,C,31,DAL,22,0,25.6,2.3,4.7,0.49,1.1,3.0,0.369,1.2,1.8,0.692,0.606,0.5,0.6,0.786,0.9,2.7,3.5,1.0,0.3,1.0,0.6,2.2,6.2,2023,0,0,0,Dallas Mavericks,22,17,0.564,3.5,112.1,110.6,1.62
McKinley Wright IV,PG,24,DAL,13,0,9.4,0.6,1.6,0.381,0.0,0.4,0.0,0.6,1.2,0.5,0.381,0.4,0.6,0.625,0.3,0.7,1.0,1.2,0.5,0.2,0.6,1.0,1.6,2023,0,0,0,Dallas Mavericks,22,17,0.564,3.5,112.1,110.6,1.62
Reggie Bullock,SF,31,DAL,42,29,29.2,1.9,5.3,0.36,1.5,4.5,0.339,0.4,0.8,0.485,0.505,0.4,0.6,0.654,0.4,3.0,3.4,1.1,0.7,0.2,0.5,2.2,5.7,2023,0,0,0,Dallas Mavericks,22,17,0.564,3.5,112.1,110.6,1.62
Spencer Dinwiddie,PG,29,DAL,43,43,33.7,5.7,12.2,0.465,2.5,6.2,0.407,3.1,5.9,0.525,0.569,2.5,3.0,0.831,0.4,2.7,3.0,5.1,0.8,0.3,1.7,2.3,16.3,2023,0,0,0,Dallas Mavericks,22,17,0.564,3.5,112.1,110.6,1.62
Theo Pinson,SG,27,DAL,22,0,4.8,0.5,1.4,0.355,0.4,1.0,0.364,0.1,0.4,0.333,0.484,0.4,0.4,0.889,0.1,1.0,1.1,0.4,0.1,0.0,0.1,0.2,1.7,2023,0,0,0,Dallas Mavericks,22,17,0.564,3.5,112.1,110.6,1.62
Tim Hardaway Jr.,SG,30,DAL,42,25,29.5,4.7,12.0,0.39,2.9,7.9,0.361,1.8,4.1,0.445,0.509,1.8,2.3,0.792,0.2,3.0,3.2,1.5,0.8,0.1,0.9,1.6,14.0,2023,0,0,0,Dallas Mavericks,22,17,0.564,3.5,112.1,110.6,1.62
Tyler Dorsey,SG,26,DAL,3,0,2.7,1.3,1.7,0.8,0.3,0.7,0.5,1.0,1.0,1.0,0.9,0.0,0.0,,0.3,0.3,0.7,0.0,0.0,0.0,0.0,0.0,3.0,2023,0,0,0,Dallas Mavericks,22,17,0.564,3.5,112.1,110.6,1.62
Collin Sexton,SG,24,UTA,33,10,24.1,4.8,9.9,0.491,1.0,2.6,0.395,3.8,7.3,0.525,0.543,3.5,4.2,0.835,0.9,1.4,2.2,2.9,0.6,0.1,1.7,2.3,14.2,2023,0,0,0,Utah Jazz,20,21,0.488,7.0,117.5,116.5,0.89
Jarred Vanderbilt,PF,23,UTA,44,40,24.7,3.4,6.1,0.566,0.3,1.0,0.326,3.1,5.0,0.615,0.594,1.2,1.8,0.679,2.5,5.6,8.1,2.8,1.1,0.3,1.5,2.6,8.4,2023,0,0,0,Utah Jazz,20,21,0.488,7.0,117.5,116.5,0.89
Jordan Clarkson,SG,30,UTA,45,45,32.6,7.6,16.8,0.453,2.7,7.7,0.35,4.9,9.1,0.54,0.533,3.2,3.9,0.817,1.2,3.0,4.2,4.4,0.5,0.2,2.9,2.0,21.1,2023,0,0,0,Utah Jazz,20,21,0.488,7.0,117.5,116.5,0.89
Kelly Olynyk,C,31,UTA,39,39,28.5,4.0,8.0,0.503,1.5,3.5,0.413,2.6,4.5,0.575,0.595,2.6,3.2,0.831,1.1,3.8,5.0,3.3,1.1,0.6,2.3,4.0,12.2,2023,0,0,0,Utah Jazz,20,21,0.488,7.0,117.5,116.5,0.89
Lauri Markkanen,SF,25,UTA,42,42,34.2,8.3,16.0,0.519,2.9,7.1,0.413,5.4,8.9,0.604,0.611,5.1,5.8,0.869,1.8,6.8,8.6,1.9,0.6,0.6,1.9,2.1,24.6,2023,0,0,0,Utah Jazz,20,21,0.488,7.0,117.5,116.5,0.89
Leandro Bolmaro,SG,22,UTA,10,0,5.8,0.3,1.6,0.188,0.0,0.3,0.0,0.3,1.3,0.231,0.188,0.0,0.0,,0.3,0.1,0.4,0.6,0.3,0.1,0.7,0.7,0.6,2023,0,0,0,Utah Jazz,20,21,0.488,7.0,117.5,116.5,0.89
Malik Beasley,SG,26,UTA,46,8,26.8,5.0,12.5,0.399,3.1,8.6,0.358,1.9,3.8,0.492,0.523,0.8,0.9,0.854,0.5,3.0,3.5,1.7,0.9,0.2,1.0,1.3,13.8,2023,0,0,0,Utah Jazz,20,21,0.488,7.0,117.5,116.5,0.89
Micah Potter,PF,24,UTA,3,0,4.7,0.7,0.7,1.0,0.0,0.0,,0.7,0.7,1.0,1.0,0.0,0.0,,0.3,0.7,1.0,0.7,0.0,0.0,0.0,0.7,1.3,2023,0,0,0,Utah Jazz,20,21,0.488,7.0,117.5,116.5,0.89
Mike Conley,PG,35,UTA,34,33,29.4,3.4,8.8,0.38,1.7,5.0,0.349,1.6,3.9,0.42,0.478,1.7,2.2,0.787,0.4,1.7,2.1,7.5,1.0,0.2,1.7,2.2,10.2,2023,0,0,0,Utah Jazz,20,21,0.488,7.0,117.5,116.5,0.89
Nickeil Alexander-Walker,SG,24,UTA,31,3,16.1,2.5,5.3,0.485,1.1,2.7,0.393,1.5,2.5,0.582,0.586,0.8,1.1,0.686,0.3,1.6,1.8,2.2,0.7,0.4,1.3,1.8,6.9,2023,0,0,0,Utah Jazz,20,21,0.488,7.0,117.5,116.5,0.89
Ochai Agbaji,SG,22,UTA,23,0,11.3,1.3,3.0,0.449,0.6,1.7,0.342,0.8,1.3,0.581,0.543,0.3,0.5,0.5,0.5,0.9,1.4,0.4,0.1,0.1,0.1,1.1,3.5,2023,0,0,0,Utah Jazz,20,21,0.488,7.0,117.5,116.5,0.89
Rudy Gay,PF,36,UTA,31,0,15.1,1.7,4.7,0.363,0.5,2.4,0.23,1.2,2.3,0.5,0.421,0.5,0.7,0.762,0.6,2.4,3.1,0.7,0.5,0.4,0.6,1.3,4.5,2023,0,0,0,Utah Jazz,20,21,0.488,7.0,117.5,116.5,0.89
Simone Fontecchio,SF,27,UTA,23,0,8.8,1.2,3.3,0.373,0.8,2.3,0.352,0.4,0.9,0.429,0.5,0.4,0.6,0.643,0.4,0.7,1.1,0.3,0.1,0.2,0.5,0.9,3.7,2023,0,0,0,Utah Jazz,20,21,0.488,7.0,117.5,116.5,0.89
Talen Horton-Tucker,SG,22,UTA,36,1,16.1,2.6,6.6,0.399,0.7,2.7,0.258,1.9,3.9,0.496,0.452,1.2,1.6,0.75,0.4,2.1,2.5,2.4,0.7,0.4,1.3,1.4,7.1,2023,0,0,0,Utah Jazz,20,21,0.488,7.0,117.5,116.5,0.89
Udoka Azubuike,C,23,UTA,15,0,4.2,0.8,0.9,0.857,0.0,0.0,,0.8,0.9,0.857,0.857,0.1,0.4,0.333,0.7,1.1,1.8,0.3,0.1,0.2,0.2,0.3,1.7,2023,0,0,0,Utah Jazz,20,21,0.488,7.0,117.5,116.5,0.89
Walker Kessler,C,21,UTA,43,9,19.5,3.1,4.3,0.719,0.0,0.0,,3.1,4.3,0.719,0.719,1.0,1.8,0.558,2.6,4.2,6.8,0.6,0.3,2.0,0.7,2.3,7.2,2023,0,0,0,Utah Jazz,20,21,0.488,7.0,117.5,116.5,0.89
Danuel House Jr.,SF,29,PHI,32,2,16.4,1.7,3.5,0.473,0.7,2.1,0.333,1.0,1.4,0.674,0.571,0.8,1.1,0.75,0.2,1.8,2.0,0.8,0.2,0.2,0.5,1.3,4.8,2023,0,0,0,Philadelphia 76ers,23,15,0.605,3.5,112.6,109.2,3.1
De'Anthony Melton,PG,24,PHI,39,30,29.7,4.2,10.0,0.423,2.4,6.0,0.4,1.8,4.0,0.458,0.544,0.6,0.8,0.71,1.0,3.6,4.6,2.9,1.9,0.5,1.5,2.5,11.4,2023,0,0,0,Philadelphia 76ers,23,15,0.605,3.5,112.6,109.2,3.1
Furkan Korkmaz,SG,25,PHI,23,0,10.9,1.3,3.3,0.395,0.5,1.5,0.343,0.8,1.8,0.439,0.474,0.8,1.3,0.655,0.2,1.0,1.2,0.8,0.3,0.1,0.7,0.4,4.0,2023,0,0,0,Philadelphia 76ers,23,15,0.605,3.5,112.6,109.2,3.1
Georges Niang,PF,29,PHI,40,0,19.8,3.2,7.1,0.444,2.3,5.6,0.41,0.9,1.6,0.565,0.604,0.6,0.7,0.926,0.3,2.1,2.3,1.0,0.4,0.2,0.8,2.1,9.2,2023,0,0,0,Philadelphia 76ers,23,15,0.605,3.5,112.6,109.2,3.1
Jaden Springer,SG,20,PHI,6,0,4.0,1.2,1.8,0.636,0.0,0.0,,1.2,1.8,0.636,0.636,0.5,0.7,0.75,0.7,0.5,1.2,0.2,0.2,0.3,0.2,1.0,2.8,2023,0,0,0,Philadelphia 76ers,23,15,0.605,3.5,112.6,109.2,3.1
James Harden,PG,33,PHI,27,27,37.2,6.8,15.3,0.443,2.9,7.4,0.383,3.9,7.9,0.5,0.536,5.8,6.7,0.867,0.6,5.8,6.4,11.1,1.3,0.6,3.6,2.1,22.2,2023,0,0,0,Philadelphia 76ers,23,15,0.605,3.5,112.6,109.2,3.1
Joel Embiid,C,28,PHI,31,31,34.8,11.2,20.9,0.535,1.1,3.1,0.347,10.1,17.8,0.567,0.56,10.0,11.6,0.858,1.8,8.0,9.8,4.3,1.1,1.7,3.7,3.4,33.4,2023,0,0,0,Philadelphia 76ers,23,15,0.605,3.5,112.6,109.2,3.1
Julian Champagnie,SF,21,PHI,2,0,3.5,0.0,1.0,0.0,0.0,0.5,0.0,0.0,0.5,0.0,0.0,0.0,0.0,,0.0,0.0,0.0,0.0,0.5,0.0,0.0,0.0,0.0,2023,0,0,0,Philadelphia 76ers,23,15,0.605,3.5,112.6,109.2,3.1
Matisse Thybulle,SG,25,PHI,38,6,12.2,1.0,2.4,0.411,0.4,1.4,0.308,0.6,1.0,0.553,0.5,0.1,0.2,0.5,0.3,0.9,1.2,0.5,0.8,0.3,0.2,1.3,2.4,2023,0,0,0,Philadelphia 76ers,23,15,0.605,3.5,112.6,109.2,3.1
Michael Foster Jr.,PF,20,PHI,1,0,1.0,0.0,0.0,,0.0,0.0,,0.0,0.0,,,0.0,0.0,,0.0,0.0,0.0,0.0,0.0,0.0,0.0,0.0,0.0,2023,0,0,0,Philadelphia 76ers,23,15,0.605,3.5,112.6,109.2,3.1
Montrezl Harrell,C,29,PHI,38,6,12.5,2.3,3.9,0.584,0.0,0.1,0.0,2.3,3.9,0.592,0.584,1.4,2.0,0.72,1.2,1.6,2.8,0.7,0.3,0.6,0.7,1.4,6.0,2023,0,0,0,Philadelphia 76ers,23,15,0.605,3.5,112.6,109.2,3.1
P.J. Tucker,PF,37,PHI,40,40,27.1,1.2,3.0,0.403,0.7,1.7,0.377,0.6,1.3,0.44,0.513,0.3,0.4,0.857,1.3,3.0,4.3,0.9,0.6,0.3,0.8,2.5,3.4,2023,0,0,0,Philadelphia 76ers,23,15,0.605,3.5,112.6,109.2,3.1
Paul Reed,C,23,PHI,34,0,10.0,1.4,2.5,0.56,0.0,0.1,0.0,1.4,2.4,0.588,0.56,0.4,0.5,0.778,1.4,2.1,3.4,0.4,0.7,0.6,0.6,2.0,3.2,2023,0,0,0,Philadelphia 76ers,23,15,0.605,3.5,112.6,109.2,3.1
Shake Milton,SG,26,PHI,38,9,23.9,4.1,7.9,0.51,0.9,2.3,0.375,3.2,5.6,0.565,0.565,1.4,1.7,0.833,0.5,2.5,3.0,3.4,0.3,0.2,1.5,1.8,10.4,2023,0,0,0,Philadelphia 76ers,23,15,0.605,3.5,112.6,109.2,3.1
Tobias Harris,PF,30,PHI,38,38,34.1,6.4,13.0,0.495,1.9,5.1,0.381,4.5,7.9,0.569,0.57,1.6,1.8,0.868,1.1,5.2,6.3,2.6,1.1,0.6,1.3,2.1,16.3,2023,0,0,0,Philadelphia 76ers,23,15,0.605,3.5,112.6,109.2,3.1
Tyrese Maxey,SG,22,PHI,23,21,34.4,7.7,17.0,0.451,2.6,6.5,0.396,5.1,10.5,0.485,0.527,3.2,4.0,0.785,0.4,2.6,3.0,4.0,0.9,0.2,1.8,2.3,21.0,2023,0,0,0,Philadelphia 76ers,23,15,0.605,3.5,112.6,109.2,3.1
